id,copied from,name,hero ability,levels,race,used by (modules)
S00N,SCae,Attack Speed,,,,GameMode
S00M,SCae,Attack Speed,,,,Vote
S00L,SCae,Competitive Spirit,,,nightelf,"Exp, Passive"
S00K,SCae,Channel Summon,,,nightelf,Init
S00J,SCae,Festival Spirit,,,nightelf,HuntFestival
S00I,SCae,Soul Migration,,,nightelf,Shemhazai
S00H,SCae,Dancing Daggers,,11,orc,Shadow_Lifecycle
S00G,SCae,Dancing Daggers,,11,orc,Shadow_Lifecycle
S00F,SCae,Dancing Daggers,,11,orc,Shadow_Lifecycle
S00E,SCae,Dancing Daggers,,11,orc,Shadow_Lifecycle
S00D,SCae,Dancing Daggers,,11,orc,Shadow_Lifecycle
S00C,SCae,Dancing Daggers,,11,orc,Shadow_Lifecycle
S00B,SCae,Dancing Daggers,,11,orc,Shadow_Lifecycle
S00A,SCae,Dancing Daggers,,11,orc,Shadow_Lifecycle
S009,SCae,Spirit Blessing,,4,nightelf,"Gaya_Shared, Title"
S008,SCae,Feather Aura,,11,other,Chocobo_Population
S007,Sdro,Stop Chocobo Ride,,,critters,"Chocobo_Taming, Chocobo_Upgrades"
S006,Slo3,Start Chocobo Riding,,,critters,"Chocobo_Taming, Chocobo_Upgrades"
S005,Sch5,Chocobo Ride,,,critters,"Chocobo_Taming, Chocobo_TechCopy, Chocobo_Upgrades"
S004,SCae,Sukugaya,,,nightelf,"Cmd, Gaya_Inventory, Gaya_Shared, Save, Summon_Scaling, Titles +1"
S003,SCae,Attack Speed,,,,Vote
S002,SCae,Attack Speed,,,,Vote
S001,SCae,Attack Speed,,,,Vote
S000,SCae,Attack Speed,,,,Vote
A1ZZ,AIsx,Item Attack Speed Bonus,,,,AtkSpd
A1FP,ANcl,Ifrit,,11,human,"Init, Summon_Ifrit"
A1FO,Afae,Deshell,,,undead,"Oracle, Shell"
A1FN,Afae,Deprotect,,,undead,"Oracle, Protect"
A1FM,Acrs,Fog,,,,"Faith, Oracle"
A1FL,Acrs,Pain,,,,"Bravery, Oracle"
A1FK,ACsw,Slow,,,,"Haste, Oracle"
A1FJ,ANdh,Hypernova,0,1,nightelf,Hypernova
A1FI,ANcl,!Hypernova,0,1,undead,Hypernova
A1FH,Aasl,Increased Movespeed,,,other,not used by code
A1FG,ANcl,Gust,0,1,orc,Gust
A1FF,ACev,Yatagarasu Power,,,other,Damage
A1FE,AIev,Small Shot,,,creeps,Damage
A1FD,ACac,Gaya Strength Aura,,,orc,Elysium
A1FC,Amgl,Undead Touch,,,orc,Damage
A1FB,Aslo,Slow,,11,,Haste
A1FA,ACev,Great Wall,,,other,Damage
A1F9,AHad,Ripper Aura,0,1,,Nightmare
A1F8,AOae,Ripper Aura,0,1,human,Nightmare
A1F7,ACac,Ripper Aura,,,human,Nightmare
A1F6,AIev,Food Buffs Info,,,creeps,not used by code
A1F5,Ablo,Haste,,,undead,Haste
A1F4,ACrj,Regen,,,,Regen
A1F3,ACev,Imperiled Strike,,,other,"Boss_Echele, Damage"
A1F2,ACfn,Meteor,,,,Meteor
A1F1,Auhf,Berserk,,,creeps,Berserk
A1F0,AOws,!Final Smash,0,1,undead,Cyclops
A1EZ,ACev,Competitive Spirit,,,nightelf,Passive
A1EY,ACev,Ribbon,,,nightelf,not used by code
A1EX,ACev,Null Sleep,,,nightelf,Damage
A1EW,AHfs,Death Circle,0,1,creeps,Ripper
A1EV,ACev,Shock Attack,,,other,Damage
A1EU,ANcl,Mass Dispel,0,1,undead,"Boss_Judges, Ripper"
A1ET,ANcl,Death Circle,0,1,undead,Ripper
A1ES,Absk,Ripper Charge,,,,"Nightmare, Ripper"
A1ER,ANcl,Condemnation,0,1,undead,Ripper
A1EQ,AEfk,Condemn,0,1,human,Ripper
A1EP,ACac,Rendan Aura,,,orc,Elysium
A1EO,Amgl,Legendary Priest Task,,,demon,Elysium
A1EN,Amgl,Legendary Holy Swordsman Task,,,demon,Elysium
A1EM,Amgl,Legendary Lancer Task,,,demon,Elysium
A1EL,Amgl,Legendary Monk Task,,,demon,Elysium
A1EK,Amgl,Legendary Summoner Task,,,demon,Elysium
A1EJ,ACen,Immobilize,,,human,Immobilize
A1EI,ACen,Immobilize,,,human,Immobilize
A1EH,ACen,Immobilize,,11,human,Immobilize
A1EG,ANdh,Immobilize,,11,human,"Immobilize, Init"
A1EF,Afzy,HP Regeneration Burst,,,human,"Gafgarion, Spawn"
A1EE,Amgl,Legendary Knight Task,,,demon,Elysium
A1ED,AUsl,Sleep,0,1,orc,"Init, Sleep"
A1EC,AIaz,Attribute-Plus,,,,not used by code
A1EB,AIi6,Attribute-Plus,,,,not used by code
A1EA,AIsx,,,,,not used by code
A1E9,Afzy,MP Regeneration Burst,1,11,human,"Init, Passive"
A1E8,Afzy,HP Regeneration Burst,1,11,human,"Init, Passive"
A1E7,Afzy,Move Burst,1,11,human,"Init, Passive"
A1E6,Afzy,Attack Speed Burst,1,11,human,"Init, Passive"
A1E5,Afzy,Defense Burst,1,11,human,"Init, Passive"
A1E4,Afzy,Damage Burst,1,11,human,"Init, Passive"
A1E3,Amgl,Legendary Mediator Task,,,demon,Elysium
A1E2,Amgl,Legendary Necromancer Task,,,demon,Elysium
A1E1,Amgl,Legendary Geomancer Task,,,demon,Elysium
A1E0,ANcl,!Wicked Whirl,0,1,undead,"Boss_Verc, Verci"
A1DZ,ANdh,Cover,0,1,orc,Cover
A1DY,Amgl,Legendary Dark Knight Task,,,demon,Elysium
A1DX,AEfk,Wind Shear,0,1,human,WindShear
A1DW,ANcl,Wind Shear,0,1,undead,WindShear
A1DV,ANcl,Summon Spartacus,0,1,undead,"Spartacus, Verci"
A1DU,ANcl,!Impenetrable Aura,0,1,undead,not used by code
A1DT,Afae,Cie'Mar Putrescence,,,undead,"Dispel, Protect, Spell_Dewall"
A1DS,Acrs,Enfire,,11,human,"Elements, Geomancer"
A1DR,Acrs,Fog,,,,"BadBreath, Faith"
A1DQ,Acrs,Pain,,,,"BadBreath, Bravery"
A1DP,ACsw,Slow,,,,BadBreath
A1DO,ACev,Omni Absorb,,,other,"Element, Gaya_Scan"
A1DN,ACev,Omni Wall,,,other,"Element, Gaya_Scan"
A1DM,ACcs,Zombie,,,undead,not used by code
A1DL,ACev,Rakugaya Bonus,,,nightelf,"Damage, Summon_Scaling, Unit"
A1DK,ACev,Tarugaya Hero Bonus,,,nightelf,"Prof, Unit"
A1DJ,AIsx,Sukugaya Hero Bonus,,,nightelf,"Damage, Unit"
A1DI,AIsx,Sukugaya Unit Attack Speed +20%,,,nightelf,"Damage, Summon_Scaling"
A1DH,Aasl,Cloned,,,other,Mediator
A1DG,AIev,Combo Dragon,,,creeps,"Damage, Samurai"
A1DF,Amgl,Legendary Chemist Task,,,demon,Elysium
A1DE,Amgl,Legendary Calculator Task,,,demon,Elysium
A1DD,Amgl,Legendary Wizard Task,,,demon,Elysium
A1DC,Amgl,Legendary Thief Task,,,demon,Elysium
A1DB,AIev,Evasion,,,creeps,Damage
A1DA,ANab,Drill,0,1,,Mechanical
A1D9,AHtb,Drill,0,1,orc,Mechanical
A1D8,AIgo,Memento,,,,Memento
A1D7,AIgo,Memento,,,,Memento
A1D6,AHtb,Reflect,0,1,,Damage
A1D5,AIaz,Attribute-Plus,,,,not used by code
A1D4,AIi6,Attribute-Plus,,,,not used by code
A1D3,AIl2,,,,,not used by code
A1D2,AIl2,,,,,not used by code
A1D1,AIs6,Attribute-Plus,,,,not used by code
A1D0,AIs6,Attribute-Plus,,,,not used by code
A1CZ,AIx2,Attribute-Plus,,,,not used by code
A1CY,AItx,,,,,not used by code
A1CX,AIaz,Attribute-Plus,,,,not used by code
A1CW,AItx,,,,,not used by code
A1CV,AIaz,Attribute-Plus,,,,not used by code
A1CU,AIs6,Attribute-Plus,,,,not used by code
A1CT,AIi6,Attribute-Plus,,,,not used by code
A1CS,AIi6,Attribute-Plus,,,,not used by code
A1CR,AIi6,Attribute-Plus,,,,not used by code
A1CQ,AIs6,Attribute-Plus,,,,not used by code
A1CP,AItx,,,,,not used by code
A1CO,AIs6,Attribute-Plus,,,,not used by code
A1CN,AIsx,Item Attack Speed Bonus,,,,AtkSpd
A1CM,AItx,,,,,not used by code
A1CL,AItx,,,,,not used by code
A1CK,Amgl,Legendary Ninja Task,,,demon,Elysium
A1CJ,Amgl,Legendary Samurai Task,,,demon,Elysium
A1CI,Amgl,Legendary Archer Task,,,demon,Elysium
A1CH,Amgl,Legendary Mastery Process,,,demon,Andre
A1CG,AIsx,Attack Speed +40%,,,nightelf,Naisha
A1CF,AIev,Block Phys,,,,Damage
A1CE,AId0,,,,,not used by code
A1CD,ANcl,Transform Book,0,1,,Book
A1CC,Arsg,Summon Ice Troll Priests,0,1,,not used by code
A1CB,ACev,Ancient Elements,,,orc,Damage
A1CA,Afzy,Intelligence Burst,1,11,human,"Init, Passive"
A1C9,Afzy,Agility Burst,1,11,human,"Init, Passive"
A1C8,Afzy,Strength Burst,1,11,human,"Init, Passive"
A1C7,AIev,Kobold Type,,,creeps,Merchant
A1C6,ANbr,Roar,0,1,,not used by code
A1C5,ANbr,Roar,0,1,,not used by code
A1C4,ANcl,Demi,0,1,,Spell_Demi
A1C3,ACev,Slashed Cooldown,,,other,Cooldown
A1C2,AIaz,Attribute-Plus,,,,not used by code
A1C1,AId0,,,,,not used by code
A1C0,AIl2,,,,,not used by code
A1BZ,AId0,,,,,not used by code
A1BY,AIl2,,,,,not used by code
A1BX,AIl2,,,,,not used by code
A1BW,Acri,Daze,,,orc,"Armor, Damage, Knock"
A1BV,Acri,Daze,,,orc,Damage
A1BU,AIsx,Item Attack Speed Bonus,,,,AtkSpd
A1BT,AIaz,Attribute-Plus,,,,not used by code
A1BS,AItx,,,,,not used by code
A1BR,AIaz,Attribute-Plus,,,,not used by code
A1BQ,AIaz,Attribute-Plus,,,,not used by code
A1BP,AIaz,Attribute-Plus,,,,not used by code
A1BO,AIsx,Item Attack Speed Bonus,,,,AtkSpd
A1BN,AItx,,,,,not used by code
A1BM,AItx,,,,,not used by code
A1BL,Ablo,Inner Fire,,6,human,Inner
A1BK,ANcl,!Inner Fire,,6,human,"Init, Inner"
A1BJ,Ablo,Sentinel,,6,human,Sentinel
A1BI,ANcl,!Ozmeteor,0,1,undead,Spell_Ozmeteor
A1BH,Absk,Mind Surge,,,,not used by code
A1BG,Amgl,Madain Sari Horn Hint,,,creeps,"Boss_Ozma, RingOfDarkness"
A1BF,ACev,Adaptive Barrier,,15,orc,"Boss_Ozma, Damage"
A1BE,ACfn,Manablow,,,,Manablow
A1BD,ACfn,Manablow,,,,Manablow
A1BC,ACev,Stats Adjusted,,,other,Unit
A1BB,ANcl,Dismantle,0,1,orc,Dismantle
A1BA,AIa6,Attribute-Plus,,,,not used by code
A1B9,ACev,Backstab,,,other,Damage
A1B8,AIev,Mirage Vest Evasion,,,,Damage
A1B7,AIl2,,,,,not used by code
A1B6,AIev,Slither Shield Evasion,,,,Damage
A1B5,Ablo,Inner Fire,,6,human,Inner
A1B4,ACev,Handicap Adjusted HP,,9,orc,"Mediator, Zone"
A1B3,ANab,Reflect,0,1,,not used by code
A1B2,AId0,Reflect,,,,Damage
A1B1,ACac,Etem Aura,,,human,not used by code
A1B0,AOae,Etem Aura,0,1,human,not used by code
A1AZ,AHad,Etem Aura,0,1,,not used by code
A1AY,AItx,Runic Damage Bonus,,10,,"Damage, Runic"
A1AX,AItx,Runic Damage Bonus,,10,,"Damage, Runic"
A1AW,AItx,Runic Damage Bonus,,10,,"Damage, Runic"
A1AV,AItx,Runic Damage Bonus,,10,,"Damage, Runic"
A1AU,ACfn,Blizzard,,,,Blizzard
A1AT,ANcl,Tatsumaki,0,1,orc,Spell_Tatsumaki
A1AS,Auhf,Sharp Eye,,,orc,Mediator
A1AR,Auhf,Mirage,,,orc,Mediator
A1AQ,ACrj,Runic Shield,,,,"Mediator, Runic"
A1AP,Auhf,Faith,,,creeps,"Faith, Mediator"
A1AO,ACif,Bravery,,,,"Bravery, Mediator"
A1AN,ANcl,Forge,0,1,,Forge
A1AM,AIev,Pulsar Shot,,,creeps,Damage
A1AL,AIev,Medium Shot,,,creeps,Damage
A1AK,Aamk,Alchemy,,11,human,"Chemist, Init"
A1AJ,Aspb,Alchemy,,,human,"Chemist, Job, Quick, Shrine"
A1AI,Aspb,Alchemy,,,human,"Chemist, Job, Quick, Shrine"
A1AH,AOws,Tremor,0,1,,Tremor
A1AG,ACrj,Death Charge,,,orc,Nightmare
A1AF,ANcl,Blizzard,0,1,,Blizzard
A1AE,AHbz,Blizzard,0,1,,Blizzard
A1AD,ANcl,Gust,0,1,orc,Gust
A1AC,ACfb,Gust,,,undead,Gust
A1AB,ANcl,Aqualung,0,1,orc,Aqualung
A1AA,Absk,!Dark Power,1,6,human,"Arena_Spawning, Damage, Init, Spawn"
A1A9,Apig,Noxious Mixture Damage,,,undead,Chemist
A1A8,AIgo,Gold +2000,,,,not used by code
A1A7,AIgo,Gold +1250,,,,not used by code
A1A6,AIsx,Item Attack Speed Bonus,,,,AtkSpd
A1A5,AItx,,,,,not used by code
A1A4,ACev,Non-elemental Damage,,,other,"Abil, Damage"
A1A3,ANcl,Multi-Arrowwave,0,1,orc,Auto
A1A2,AIs6,Crossbow Tool,,,,Prof
A1A1,AIev,Spear Hybrid,,,,"Damage, Prof"
A1A0,AIev,Parry,,,orc,Damage
A19Z,AIs6,Attribute-Plus,,,,not used by code
A19Y,ACev,Omni Knowledge,,,other,"Abil, Element"
A19X,ACev,Wind Knowledge,,,other,"Abil, Element"
A19W,ACev,Earth Knowledge,,,other,"Abil, Element"
A19V,ACev,Water Knowledge,,,other,"Abil, Element"
A19U,ACev,Thunder Knowledge,,,other,"Abil, Element"
A19T,ACev,Ice Knowledge,,,other,"Abil, Element"
A19S,ACev,Fire Knowledge,,,other,"Abil, Element"
A19R,AHtb,Bolt,0,1,orc,"DarkQuezacotl, Spell_Bolt"
A19Q,ANcl,Ice,0,1,orc,Ice
A19P,ANcl,Fire,0,1,orc,"DarkPhoenix, Fire"
A19O,AHbz,Meteor,0,20,,Spell_Tables
A19N,AHbz,Meteor,0,20,,Spell_Tables
A19M,AHbz,Meteor,0,20,,Spell_Tables
A19L,AIaz,Attribute-Plus,,,,not used by code
A19K,AIev,Spear Accuracy,,,,Damage
A19J,AIev,Spear Accuracy,,,,Damage
A19I,AIev,Spear Accuracy,,,,Damage
A19H,AIev,Spear Accuracy,,,,Damage
A19G,AIev,Spear Accuracy,,,,Damage
A19F,AIev,Spear Accuracy,,,,Damage
A19E,AIev,Spear Accuracy,,,,Damage
A19D,AIev,Spear Accuracy,,,,Damage
A19C,ANcl,Pharmacology,0,1,orc,"Chemist, Cooldown, Init"
A19B,Aamk,Motivation,0,1,orc,not used by code
A19A,ANcl,Saw,0,1,orc,Chainsaw
A199,ANab,Saw,0,1,,Chainsaw
A198,Acri,Cripple,,,orc,not used by code
A197,Absk,Momentum,,11,,"Cooldown, Damage, Init, Momentum"
A196,ANcl,Brew Hero Drink,0,1,orc,"Chemist, Spell_Tables"
A195,ANcl,Brew Hero Drink,0,1,orc,"Chemist, Spell_Tables"
A194,ANcl,Brew Mega Ether,0,1,orc,"Chemist, Spell_Tables"
A193,ANcl,Brew Mega Potion,0,1,orc,"Chemist, Spell_Tables"
A192,ANcl,Brew Nectar,0,1,orc,"Chemist, Spell_Tables"
A191,ANcl,Brew Hi-Ether,0,1,orc,"Chemist, Spell_Tables"
A190,ACrj,Regen,,,,Mediator
A18Z,ANcl,Brew Hi-Potion,0,1,orc,"Chemist, Spell_Tables"
A18Y,ACbb,Haste,,,,"Haste, Mediator"
A18X,ANcl,Brew Ether,0,1,orc,"Chemist, Spell_Tables"
A18W,ACf2,Protect,,,,"Mediator, Protect"
A18V,ANdh,Shell,0,1,orc,"Mediator, Shell"
A18U,ANcl,Brew Potion,0,1,orc,"Chemist, Spell_Tables"
A18T,ANcl,Brew Elixir,0,1,orc,"Chemist, Spell_Tables"
A18S,ANcl,Brew Turbo Ether,0,1,orc,"Chemist, Spell_Tables"
A18R,ANcl,Brew X-Potion,0,1,orc,"Chemist, Spell_Tables"
A18Q,ANcl,Brew Nectar,0,1,orc,"Chemist, Spell_Tables"
A18P,ANcl,!Iainuki,,6,human,"Combo, Init, Samurai"
A18O,AIev,Strange Vision Accuracy,,,,Damage
A18N,AIgo,Firewood,,,,Cooldown
A18M,AIrr,Backstab,,,,not used by code
A18L,AIev,High Critical Shot,,,creeps,Damage
A18K,ACev,Reduced Cooldown,,,other,Cooldown
A18J,ACtb,Knockdown Stun,,,orc,"Armor, Knock"
A18I,ACrj,Runic Shield,,,orc,Runic
A18H,ANcl,Tatsumaki,,11,human,"Init, Spell_Tatsumaki"
A18G,Acri,!Goliath Tonic,1,6,human,"Goliath, Init"
A18F,Arsg,Summon Infernal Gladiators,0,1,,not used by code
A18E,AId0,,,,,not used by code
A18D,AId0,,,,,not used by code
A18C,AId0,,,,,not used by code
A18B,AIl2,,,,,not used by code
A18A,AIs6,Attribute-Plus,,,,not used by code
A189,AIl2,,,,,not used by code
A188,AId0,,,,,not used by code
A187,AId0,,,,,not used by code
A186,AId0,,,,,not used by code
A185,AItx,,,,,not used by code
A184,AItx,,,,,not used by code
A183,AIhb,Darkness,,,orc,Darkness
A182,AIev,Kazuma Effect,,,creeps,"Damage, Prof"
A181,AIs6,Attribute-Plus,,,,not used by code
A180,AIl2,,,,,not used by code
A17Z,AIl2,,,,,not used by code
A17Y,AItx,,,,,not used by code
A17X,AIl2,,,,,not used by code
A17W,AIs6,Attribute-Plus,,,,not used by code
A17V,AItx,,,,,not used by code
A17U,Aamk,Game Mode,0,1,,GameMode
A17T,AIs6,Attribute-Plus,,,,not used by code
A17S,ANcl,Blizzaga,,11,human,"Init, Spell_Blizzaga"
A17R,Ablo,Runic Revenge,,,human,Runic
A17Q,Aamk,Hero Drink Powerup,0,12,,"Medicine, Preload"
A17P,Arej,Runic Shield,1,11,human,"Init, Runic"
A17O,ANdh,Shell,0,1,orc,"Food, Shell"
A17N,ANdh,Shell,0,1,orc,"Food, Shell"
A17M,Ablo,Haste,,,creeps,"Food, Haste"
A17L,Ablo,Haste,,,creeps,"Food, Haste"
A17K,ACf2,Protect,,,,"Food, Protect"
A17J,ACf2,Protect,,,,"Food, Protect"
A17I,ACif,Bravery,,,,"Bravery, Food"
A17H,ACif,Bravery,,,,"Bravery, Food"
A17G,Auhf,Faith,,,creeps,"Faith, Food"
A17F,Auhf,Faith,,,creeps,"Faith, Food"
A17E,AIs6,Attribute-Plus,,,,not used by code
A17D,AHtb,Knot of Rust,,11,,"Init, Knot"
A17C,ACev,Blind Spotted,,2,other,Damage
A17B,ACev,Parrying,,20,orc,not used by code
A17A,Acri,Parry,,,orc,Damage
A179,ANdh,Shell,0,11,human,Shell
A178,Arel,,,,,not used by code
A177,AItx,,,,,not used by code
A176,AItx,,,,,not used by code
A175,ANcl,Clone,0,1,orc,"Init, Mediator"
A174,AIev,Artemis Arrows,,,creeps,Damage
A173,ANcl,Satellite Beam,0,1,undead,Spell_Satellite
A172,AEfk,Homing Rockets,0,1,human,Spell_Homing
A171,ANcl,Spell Shot,,11,human,"Init, Mediator, Shadow_Loyalty"
A170,ANcl,Homing Rockets,0,1,undead,Spell_Homing
A16Z,AIs6,Attribute-Plus,,,,not used by code
A16Y,AIev,Varied Proficiency,,,creeps,Damage
A16X,ANcl,Balance,,11,human,"Init, Mediator"
A16W,Acri,!Mark for Death,1,6,human,"Init, Mediator"
A16V,ACev,Physical Explosion,,,other,Death
A16U,ANcl,Mark for Death,,6,human,not used by code
A16T,Aasl,Reaper Slow,,,other,Nightmare
A16S,AIev,Evasion,,,creeps,Damage
A16R,AIev,Accuracy,,,creeps,Damage
A16Q,Aamk,All Stats Plus,,11,human,not used by code
A16P,Aamk,Intelligence Bonus,0,22,,Passive
A16O,Aamk,Agility Bonus,0,22,,Passive
A16N,Aamk,Strength Bonus,0,22,,Passive
A16M,AUsl,Dormina,0,1,,"Boss_DemiFiend, Sleep"
A16L,AIev,Accuracy,,,creeps,Damage
A16K,AIev,Concentration,,,orc,Prof
A16J,Afzy,Renzokuken,1,11,human,"Init, Samurai"
A16I,AId0,,,,,not used by code
A16H,AIaz,Attribute-Plus,,,,not used by code
A16G,AIsx,Item Attack Speed Bonus,,,,AtkSpd
A16F,AI2m,Item Mana Bonus,,,,not used by code
A16E,ACev,Blind Spot,,,orc,Damage
A16D,AIra,Adamant Stew,,,,"Food, Item_Cooldown"
A16C,AIra,First Class Meat Plate,,,,"Food, Item_Cooldown"
A16B,AIra,Nebra Bread,,,,"Food, Item_Cooldown"
A16A,AIra,Spiced Salad,,,,"Food, Item_Cooldown"
A169,AIra,Swift Drink,,,,"Food, Item_Cooldown"
A168,AIra,Energy Brew,,,,"Food, Item_Cooldown"
A167,AIra,Fish Soup,,,,"Food, Item_Cooldown"
A166,AIra,Tropical Dish,,,,"Food, Item_Cooldown"
A165,AIra,Triton Pot,,,,"Food, Item_Cooldown"
A164,AIra,Wild Bowl,,,,"Food, Item_Cooldown"
A163,AUfa,Protect,0,11,human,Protect
A162,Ablo,Haste,,11,human,Haste
A161,Ablo,MP Plus,,,human,not used by code
A160,Ablo,HP Plus,,,human,not used by code
A15Z,ANcl,Silkis Greens,0,1,other,Chocobo_Upgrades
A15Y,ANcl,Mimett Greens,0,1,other,Chocobo_Upgrades
A15X,ANcl,Gysahl Greens,0,1,other,"Boco, Chocobo_Upgrades"
A15W,AIev,Elysium Shrine,,,creeps,not used by code
A15V,Ablo,Provoke,,,human,Provoke
A15U,Atau,Provoke,,,,Provoke
A15T,Aamk,Cloak,0,21,,Cloak
A15S,ACac,Auto-Deshell,,,other,Damage
A15R,ACac,Auto-Shell,,,other,"Damage, Gaya_Scan, Shell"
A15Q,ACac,Auto-Deprotect,,,other,Damage
A15P,ACac,Auto-Protect,,,other,"Damage, Gaya_Scan, Protect"
A15O,Acri,Mass Cripple,,15,orc,Sorcerer
A15N,Aslo,Slowra,,11,,Haste
A15M,ANcl,Release,0,1,undead,Necro
A15L,AIaz,Attribute-Plus,,,,not used by code
A15K,ACev,Mortal Shock,,,other,Damage
A15J,AIev,Striker,,,orc,Damage
A15I,ACev,Versatility,,,orc,"Elysium, Job, Prof"
A15H,ACev,Wind Boost,,,other,"Abil, Element"
A15G,ACev,Earth Boost,,,other,"Abil, Element"
A15F,ACev,Water Boost,,,other,"Abil, Element"
A15E,ACev,Ice Boost,,,other,"Abil, Element"
A15D,ACev,Thunder Boost,,,other,"Abil, Element, KalmSiege1, KalmSiege2, KalmSiege3"
A15C,ACev,Fire Boost,,,other,"Abil, Element"
A15B,ACev,Omni Boost,,,other,"Abil, Element"
A15A,ANcl,Shock,0,1,undead,"Boss_Echele, Shock"
A159,AEfk,Whirl,0,1,human,Naisha
A158,Absk,Whirl,,,,"Bravery, Naisha"
A157,ACtb,Ambush Stun,,,orc,Ninja
A156,ANcl,Ambush,,11,human,"Init, Ninja"
A155,Auhf,Fogra,,11,human,"Faith, Oracle"
A154,Aamk,General Information,0,1,,Vote
A153,AIi6,Attribute-Plus,,,,not used by code
A152,AIbm,Item Mana Bonus,,,,not used by code
A151,ANht,Death Screech,0,1,undead,not used by code
A150,ANcl,Water,0,1,,Spell_Water
A14Z,ANcl,Quake,0,1,,Spell_Quake
A14Y,ANcl,Aero,0,1,,Spell_Aero
A14X,ANcl,Toss Potion,0,1,human,"Cooldown, Item_Cooldown, Shadow_Loyalty, Toss"
A14W,ANcl,Toss Hi-Potion,0,1,human,"Cooldown, Item_Cooldown, Shadow_Loyalty, Toss"
A14V,ANcl,Toss Mega Potion,0,1,human,"Cooldown, Item_Cooldown, Shadow_Loyalty, Toss"
A14U,ANcl,Toss X-Potion,0,1,human,"Cooldown, Item_Cooldown, Shadow_Loyalty, Toss"
A14T,Amgl,Undying,,,orc,Damage
A14S,Amgl,Endure,,,orc,Damage
A14R,ANcl,Arena Cup Toggle,0,2,,"Arena_BattleResults, Arena_BattleSetup, Arena_Configuration, Arena_Cups"
A14Q,ACev,Pointless,,,other,"Chocobo_Bribing, Exp, Reward"
A14P,AIi6,Attribute-Plus,,,,not used by code
A14O,Ablo,Trance,,,human,Ninja
A14N,Absk,!Trance,1,6,human,"Init, Ninja"
A14M,Absk,!Avatar of Amarant,1,6,human,not used by code
A14L,ANcl,!Assault,,6,human,"Assault, Init"
A14K,Ablo,Assault,,6,human,Assault
A14J,ANcl,!Hellfire,0,1,undead,Ifrit
A14I,AIev,Summon Poof Death,,,creeps,"Animal, GatherServants, Lancer, Mediator, Oracle, Sorcerer +6"
A14H,ANcl,Animal Companion,,11,human,"Animal, Init"
A14G,ANcl,Dragon Ally,,11,human,"Init, Lancer"
A14F,AOws,Jump Splash,0,1,human,Lancer
A14E,AHtb,Jump,0,1,,Lancer
A14D,ANcl,!Jump,,6,human,"Init, Lancer"
A14C,ACac,Rengeki Bonus,,3,other,Damage
A14B,Afzy,Aim,1,11,human,"Aim, Damage, Init"
A14A,ANcl,Jinx,0,1,orc,"Init, Oracle"
A149,ANcl,!Tornado,,6,human,"Init, Tornado"
A148,ANcl,!Bahamut Zero,,6,human,"Init, Sorcerer"
A147,ANcl,!Neo Bahamut,,6,human,"Init, Oracle"
A146,ANcl,!Bahamut,,6,human,"Init, Summon_Bahamut"
A145,ACev,Bubble Shot,,,other,Damage
A144,ACev,Molotov Shot,,,other,Damage
A143,ANdh,Molotov Shot,0,1,nightelf,Damage
A142,ANcl,Elementa,0,1,orc,"Fire, Ice, Spell_Bolt"
A141,Aamk,Game Mode,0,1,,GameMode
A140,AUfa,Charge Command,0,1,,"Esuna, Numerus"
A13Z,AIhb,!Charge Command,,,undead,Numerus
A13Y,ANcl,!Tera Flare,0,1,undead,Bahamut
A13X,ANcl,!Giga Flare,0,1,undead,Bahamut
A13W,ACev,Shock Arrows,,,other,Damage
A13V,ANab,Shock Arrows,0,1,nightelf,"Calculator, Damage"
A13U,AOws,!Final Smash,0,1,undead,"Cyclops, Summon_Transfusion"
A13T,AIev,Rengeki Bonus,,30,orc,Damage
A13S,AIev,Rengeki,,,orc,Damage
A13R,ACev,Rejuvenation,,,other,Damage
A13Q,ACev,Icecloud Arrows,,,other,Damage
A13P,ANdh,Shell,0,1,orc,"Living, Numerus, Ripper"
A13O,ANdh,Cover,0,1,orc,Living
A13N,AOws,Bahamut Flare,0,1,human,Bahamut
A13M,ANcl,!Mega Flare,0,1,undead,Bahamut
A13L,ANcl,!Living Wall,0,1,undead,"Living, Summon_Transfusion"
A13K,ANcl,Shock,,11,human,"DarkQuezacotl, Init, Shock"
A13J,AHtc,Shock,0,15,,Shock
A13I,Absk,Rendan,,,,not used by code
A13H,AIs6,Mid Combo Potential,,,,Damage
A13G,AIev,Combo Extend,,,creeps,Damage
A13F,AIev,Combo Extend,,,creeps,Damage
A13E,AIev,Combo Extend,,,creeps,Damage
A13D,AIev,Combo Extend,,,creeps,Damage
A13C,AIev,Combo Extend,,,creeps,Damage
A13B,AIev,Combo Extend,,,creeps,Damage
A13A,AIev,Combo Extend,,,creeps,Damage
A139,AIev,Combo Potential,,,creeps,Damage
A138,Aamk,Game Mode,0,1,,GameMode
A137,AIsx,Combo Strike,,,nightelf,"Combo, Damage, Samurai"
A136,AIev,High Proficiency,,,creeps,"Damage, Prof, Rave, Wave"
A135,AIev,Joker Proficiency,,,creeps,"Damage, Prof"
A134,ACua,Oversoul,,,,"Damage, Gaya_Scan, Loot, Oversoul, Spell_Demi"
A133,AIsx,Oversoul Attack Speed,,,nightelf,Oversoul
A132,ACev,Shard Hunter,,,other,Loot
A131,ACev,Greed,,,other,Loot
A130,ACev,Growth,,,other,not used by code
A12Z,ANcl,Teleport,0,1,other,Teleport
A12Y,ANcl,Death Screech,,11,human,"Init, Necro"
A12X,ANht,Death Screech,0,11,human,Necro
A12W,AIev,Block Mag,,,,Damage
A12V,ACev,Treasure Hunter,,,other,Loot
A12U,AIsx,Attack Speed +80%,,,nightelf,"Boss_Echele, KalmSiege"
A12T,Arsg,Summon Bandersnatch,0,1,undead,Hunt_Encounters
A12S,ACev,Recharge,,,other,Recharge
A12R,ANab,Poison Acid,0,1,nightelf,Damage
A12Q,ANab,Poison Acid,0,1,nightelf,Damage
A12P,ANab,Deadly Poison,0,1,nightelf,Damage
A12O,AIev,Anti-Block Axe,,,creeps,not used by code
A12N,AI2m,Item Mana Bonus,,,,not used by code
A12M,ANcl,Scourge,0,1,orc,Oracle
A12L,ANcl,Summon Trees of Ages,0,1,undead,"Exodus, TrueIceAge"
A12K,AHhb,Blessed Aether,0,1,orc,"Esuna, Heal"
A12J,Apxf,Auto Shot,,,,not used by code
A12I,ANcl,Meteor,0,1,undead,Meteor
A12H,ANcl,Fill Vial,0,1,,"Cooldown, FillVial"
A12G,AIgo,Empty Vial,,,,Cooldown
A12F,ANcl,Soul Split,0,1,undead,"Cuchulainn, Shemhazai"
A12E,Aap1,Plague,,,,not used by code
A12D,Afae,Dewall,,,undead,"BadBreath, Boss_Echele, Protect, Spell_Dewall"
A12C,ANcl,!Raise,0,1,undead,"Boss_Belias, Boss_Demesne"
A12B,ANcl,Arena Conquest,0,19,demon,"Arena_Conquest, Titles"
A12A,ACev,Champion's Belt,,,other,Cloak
A129,ANcl,Bolverk,0,1,undead,Valfodr
A128,AHtc,Bolverk,0,1,,Valfodr
A127,AIev,Null Evasion,,,creeps,"Arena_Duel, Damage, Gaya_Scan"
A126,ANcl,Bio,0,1,,Bio
A125,Arsg,Valfodr Summon,0,,,Valfodr
A124,AIev,Valfodr Summons,,,creeps,Valfodr
A123,AOws,Gagnrath,0,1,human,Valfodr
A122,AIev,Summoned Powerup,,,creeps,"Mediator, Summon_Scaling"
A121,ANcl,!Gagnrath,0,1,undead,Valfodr
A120,AHtb,Banish Ray,0,1,undead,Zodiark
A11Z,ANcl,Activate Demon Gate,0,1,,"TrueIceAge, World"
A11Y,ACrj,Regen,,,,Ultima
A11X,AIhb,Holy,,,undead,Sorcerer
A11W,ANcl,Judgment Day,0,1,undead,Boss_Penance
A11V,ACev,Penance Morph,,,nightelf,Damage
A11U,ANcl,Scan,0,1,nightelf,"Gaya_Scan, Init, Quick, Title"
A11T,AIev,Dragon Eye,,,orc,Damage
A11S,AIev,Dragon Eye,,,orc,not used by code
A11R,ANcl,Dragon Breath,,11,human,"DarkPhoenix, Init, Lancer"
A11Q,AOws,!Flash Freeze,0,1,undead,not used by code
A11P,ACev,Non-Elemental Immunity,,,other,"Damage, Gaya_Scan"
A11O,ACev,Non-Elemental Resistance,,,other,"Damage, Gaya_Scan"
A11N,ACev,Shifting Elements,,6,other,"Damage, DarkEidolons, Gaya_Scan, Shift"
A11M,ACev,Aggressor,,,other,"ArenaResources, Zone"
A11L,AIhb,Holy,,,orc,Sorcerer
A11K,AIaz,Attribute-Plus,,,,not used by code
A11J,AIaz,Attribute-Plus,,,,not used by code
A11I,Auhf,Sharp Eye,1,11,human,Init
A11H,AIi6,Attribute-Plus,,,,not used by code
A11G,AItx,,,,,not used by code
A11F,AIev,Ultima Blade,,,creeps,Damage
A11E,AHtb,!Final Impact,0,1,undead,FinalImpact
A11D,Afae,Deshell,,,undead,Shell
A11C,ANcl,!Revive Chaosjets,0,1,undead,"Chaos, Chaosjet, TrueIceAge"
A11B,AHad,Spiritual Guard,0,1,undead,not used by code
A11A,AIgo,Essence Crystal,,,,Cooldown
A119,AIcs,Critical Strike,,,,Damage
A118,AIcs,Critical Strike,,,,Damage
A117,AItx,,,,,not used by code
A116,AIcs,Critical Strike,,,,Damage
A115,AIcs,Critical Strike,,,,Damage
A114,ANvc,Volcano,0,,,McBurn
A113,ACev,Impenetrable,,,other,not used by code
A112,AHtb,!Surprise Mechanic,0,1,undead,"Dispel, Shemhazai"
A111,ACtb,Surprise Mechanic,,,undead,Shemhazai
A110,ANcl,!Inferno Ripple,0,1,,Spell_InfernoRipple
A10Z,AIl2,,,,,not used by code
A10Y,AIl2,,,,,not used by code
A10X,ACev,Mortal Shock,,,other,Damage
A10W,Amgl,Spirit Pendant Hint,,,creeps,"Boss_DarkFact, RingOfDarkness"
A10V,ACev,Lightning Shield,,,undead,not used by code
A10U,ACba,MP Regeneration,,2,nightelf,"Gaya_Shared, Title"
A10T,Aroa,Mind Charge,,,orc,Init
A10S,Afae,Deshell,,,undead,"Shell, Spell_Dewall"
A10R,Acrs,Fog,,,,Faith
A10Q,AHfs,Fact Strike,0,1,creeps,Boss_DarkFact
A10P,ACev,Fact Strike Counter,,,nightelf,not used by code
A10O,AIi6,Attribute-Plus,,,,not used by code
A10N,ACfb,Bio,,,undead,Bio
A10M,ACev,Galbalan Orb,,2,other,Boss_DarkFact
A10L,ANcl,!Ping Pong,0,1,undead,Boss_DarkFact
A10K,AHhb,Cure,0,1,orc,Spell_Cure
A10J,ANcl,Bio,0,1,orc,Bio
A10I,ANab,Bio,0,15,human,Bio
A10H,Auhf,Faith,,,creeps,Faith
A10G,AIev,Elunes Grace,,,creeps,not used by code
A10F,ACev,Spiritual Power,,8,nightelf,"Cmd, Gaya_Inventory, Gaya_Shared, Init"
A10E,ACev,Endless,,99,demon,"Freelancer, Hero_EndlessGrowth, Hero_LevelUp, Titles"
A10D,ACev,Demons,,32,demon,Titles
A10C,ACev,Time Trial,,6,demon,Titles
A10B,ACev,Quests,,20,demon,Titles
A10A,ACev,Gear Collection,,8,demon,Titles
A109,ACev,Summoning,,32,demon,Titles
A108,ACev,Interdimensional Fiends,,20,demon,Titles
A107,ACev,Arena Conquest,,5,demon,not used by code
A106,AIi6,Attribute-Plus,,,,not used by code
A105,ANcl,!Tera-Graviton,0,1,undead,not used by code
A104,AHtc,Tempest Break,0,1,,not used by code
A103,ANcl,Quake,0,1,,Elements
A102,ANcl,!Teleport,0,1,,"Quest_SeekDestroy, Seeker"
A101,Ainf,Painra,,11,,"Bravery, Oracle"
A100,AHad,Chaos Presence,0,1,,not used by code
A0ZZ,ANcl,Molotov Cocktail,,11,human,"Chemist, Init"
A0ZY,ANab,Molotov Cocktail,0,11,human,Chemist
A0ZX,ANcl,!Tidal Wave,0,1,,Famfrit
A0ZW,Acrs,Pain,,,,Bravery
A0ZV,ANcl,!Oblivion,,6,human,"Init, Oblivion"
A0ZU,ACev,Double Vulnerable,,,other,"Arena_Cups, Cid, Damage, Exp, KalmSiege2, KalmSiege3 +1"
A0ZT,AUfa,Ability Level Shift Checker,0,2,other,Init
A0ZS,ACev,Hunter Cloak,,,other,Cloak
A0ZR,ACev,Immortal,,,nightelf,"Arena_BattleResults, Arena_BattleSetup, Arena_Rounds, Boss_Agrias, Boss_Belias, Boss_DarkFact +19"
A0ZQ,AHtb,!Thunder Rush,0,4,undead,"Hunt_Encounters, Spell_Bolt, ThunderRush"
A0ZP,ANcl,Name Chronicle,0,1,,NameDiary
A0ZO,ANcl,Vortex,0,2,undead,Vortex
A0ZN,AHtb,Wave Fist,0,1,undead,"Shemhazai, Wave"
A0ZM,AOws,Earth Smash,0,1,undead,"Damage, EarthSmash"
A0ZL,ACev,Mage Prowess,,8,demon,Titles
A0ZK,ACev,Warrior Prowess,,8,demon,Titles
A0ZJ,ACev,Spirit of Gaya,,8,demon,Titles
A0ZI,ACev,General Mastery,,7,demon,Titles
A0ZH,Absk,Spirit of Lowtown,,,,"Bravery, Item_Cooldown"
A0ZG,Acri,Slow,,,orc,Haste
A0ZF,Acri,Haste,,,orc,Haste
A0ZE,Acri,Deshell,,,orc,Shell
A0ZD,Acri,Deprotect,,,orc,Protect
A0ZC,Auhf,Pain,,,orc,Bravery
A0ZB,Auhf,Fog,,,orc,Faith
A0ZA,Auhf,Faith,,,orc,Faith
A0Z9,Auhf,Bravery,,,orc,Bravery
A0Z8,Amgl,Negate Collateral Heals,,,orc,"Chakra, Chemist, Food, Mediator, Prophet, Regen +2"
A0Z7,Aamk,Cloak,0,10,,Cloak
A0Z6,ACev,Prominent Cloak,,,other,Cloak
A0Z5,ANcl,Minus Strike,,11,human,"Arena_Spawning, Init, MinusStrike, Spawn"
A0Z4,ANdr,Drain,,11,human,"Init, Necro"
A0Z3,ANcl,Osmose,,11,human,"Init, Osmose"
A0Z2,Arai,Raise Dead,1,11,human,"Cooldown, Ending, Init, Necro"
A0Z1,ACev,Full Heat,,,other,"BlazingDemon, Damage, McBurn"
A0Z0,Absk,Surge,,,,"Nightmare, ThunderRush"
A0YZ,ANcl,Hellhounds,0,1,,Spell_Hellhounds
A0YY,Arsg,!Call For Help,0,1,undead,not used by code
A0YX,ACev,Minor Demistrike,,,nightelf,Damage
A0YW,ACev,Gathering Heat,,,other,"Damage, McBurn"
A0YV,ACev,Living Flame Cool Down,,30,nightelf,"Hero_Death, Spell_LivingFlame"
A0YU,Apig,Living Flame,,,undead,"Hero_Death, Spell_LivingFlame"
A0YT,ANcl,Living Flame,0,1,,Spell_LivingFlame
A0YS,ANcl,Flames of Judgment,0,1,,Spell_FlamesOfJudgment
A0YR,AHhb,!Devour,0,1,undead,"Devour, Zone8"
A0YQ,ANcl,!Darkja,0,1,undead,"GodDragon, Quest_GodDragon, Zodiark"
A0YP,ANcl,!Cometeorite,0,1,undead,"Cometeorite, Exodus"
A0YO,AHbz,Cometeorite,0,1,,"Exodus, Spell_Ozmeteor"
A0YN,ANcl,!Holyja,0,1,undead,"TrueIceAge, Ultima"
A0YM,ACfb,!Maelstrom,,,undead,Maelstrom
A0YL,ACev,Skeletal Defense,,,nightelf,SkeletalDefense
A0YK,Apig,Permanent Lightning Shield,,,undead,"KalmSiege1, KalmSiege2, KalmSiege3, ThunderRush"
A0YJ,AItx,,,,,not used by code
A0YI,ACev,Bow: Ice-elemental Attack,,,other,"Element, Spell_RapidFire"
A0YH,ACev,Bow: Wind-elemental Attack,,,other,"Element, Spell_RapidFire"
A0YG,ACev,Bow: Thunder-elemental Attack,,,other,"Element, Spell_RapidFire"
A0YF,ACev,Gun: Water-elemental Attack,,,other,Element
A0YE,ACev,Gun: Earth-elemental Attack,,,other,Element
A0YD,ACev,Gun: Fire-elemental Attack,,,other,Element
A0YC,AIev,Scattershot,,,creeps,Damage
A0YB,AIev,Piercing Shot,,,creeps,Damage
A0YA,AIev,Onion Shot,,,creeps,Damage
A0Y9,AIev,Killer Arrows,,,creeps,Damage
A0Y8,AIev,Onion Arrows,,,creeps,Damage
A0Y7,AIev,Gun Accuracy,,,creeps,Damage
A0Y6,AIev,Tempest Arrows,,,creeps,Damage
A0Y5,Afae,Zombie,,,undead,Ultima
A0Y4,ACev,Explosive Strike,,,nightelf,Damage
A0Y3,ACsi,Silence,,,orc,not used by code
A0Y2,AIev,Arcanium Immortality,,,creeps,"Damage, Fafnir, Quest_ImperviousBeast, Ziegfried"
A0Y1,ACca,Sinister Wave,,,human,Spell_Hellhounds
A0Y0,ACev,Majin Barrier,,,other,Damage
A0XZ,ANdh,Cover,0,1,orc,Cover
A0XY,Acri,Wind Break,,,creeps,not used by code
A0XX,Acri,Earth Break,,,creeps,not used by code
A0XW,Acri,Water Break,,,creeps,not used by code
A0XV,Acri,Thunder Break,,,creeps,not used by code
A0XU,Acri,Ice Break,,,creeps,not used by code
A0XT,Acri,Fire Break,,,creeps,not used by code
A0XS,ACev,Arm Destruction,,,nightelf,Damage
A0XR,AHtb,Mineuchi,0,1,undead,Samurai
A0XQ,ACev,Arena Protector,,,nightelf,not used by code
A0XP,AHad,Shielding Arm,0,1,undead,"Boss_Penance, Damage"
A0XO,ACcs,Wind Break,,,,not used by code
A0XN,ACcs,Earth Break,,,,not used by code
A0XM,ACcs,Water Break,,,,not used by code
A0XL,ACcs,Thunder Break,,,,not used by code
A0XK,ACcs,Ice Break,,,,not used by code
A0XJ,ACcs,Fire Break,,,,not used by code
A0XI,AIhb,Holy,,,undead,Sorcerer
A0XH,AIev,Upgrade Damage Bonus Dummy,,11,nightelf,"Prof, Unit"
A0XG,AIev,Upgrade Damage Bonus Dummy,,11,nightelf,"Prof, Unit"
A0XF,AIev,Upgrade Damage Bonus Dummy,,11,nightelf,"MagicDefense, Prof"
A0XE,AIev,Upgrade Damage Bonus Dummy,,11,nightelf,"Prof, Unit"
A0XD,AIev,Upgrade Damage Bonus Dummy,,11,nightelf,"Prof, Unit"
A0XC,AIev,Upgrade Damage Bonus Dummy,,11,nightelf,"Prof, Unit"
A0XB,AIev,Upgrade Damage Bonus Dummy,,11,nightelf,"Prof, Unit"
A0XA,AIev,Upgrade Damage Bonus Dummy,,11,nightelf,"Prof, Unit"
A0X9,AIev,Upgrade Damage Bonus Dummy,,11,nightelf,"Prof, Unit"
A0X8,AIev,Upgrade Damage Bonus Dummy,,11,nightelf,"Prof, Unit"
A0X7,AIev,Upgrade Damage Bonus Dummy,,11,nightelf,"Prof, Unit"
A0X6,AIev,Upgrade Damage Bonus Dummy,,11,nightelf,"Prof, Unit"
A0X5,ANcl,Scourge,0,1,,Oracle
A0X4,AHbz,Myriad Arrows,0,6,,Myriad
A0X3,AHbz,Meteor,0,20,,"Spell_JavelinRain, Spell_Tables"
A0X2,ACac,Perma Cover,,,other,"Arena_BattleResults, Arena_BattleSetup, Arena_Rounds, Boss_Belias, Boss_Demesne, Boss_Gafgarion +7"
A0X1,AOws,!Intimidation,0,5,undead,Boss_Judges
A0X0,AEtq,!Salvation,0,5,undead,Boss_Judges
A0WZ,Absk,!Chain Magick,,5,undead,Boss_Judges
A0WY,AEfk,Sentence,0,1,human,Boss_Judges
A0WX,ANcl,!Sentence,0,5,undead,Boss_Judges
A0WW,Afzy,!Imperial Rage,,5,undead,Boss_Judges
A0WV,AItx,,,,,not used by code
A0WU,AItx,,,,,not used by code
A0WT,ACtb,Fuma Shuriken,,,orc,Shadow_Combat
A0WS,ANcl,Fuma Shuriken,0,1,orc,"Quick, Shadow_Combat, Shadow_Hiring"
A0WR,AIs6,Attribute-Plus,,,,not used by code
A0WQ,Arel,,,,,not used by code
A0WP,AIev,Magical Hardness,,,creeps,"Boss_Echele, Damage, Oversoul, Shadow_Hiring"
A0WO,Arel,,,,,not used by code
A0WN,AIev,Physical Hardness,,,creeps,"Boss_Echele, Damage, Oversoul, Shadow_Hiring"
A0WM,AIl2,,,,,not used by code
A0WL,ACev,Backstab Deathblow,,,other,Damage
A0WK,AOae,Increased Movement Speed,0,1,other,not used by code
A0WJ,AIs6,Attribute-Plus,,,,not used by code
A0WI,AIsx,Item Attack Speed Bonus,,,,AtkSpd
A0WH,ACev,Backstab Crit,,,other,Damage
A0WG,ACac,Auto-Faith,,,other,"Damage, Faith, Gaya_Scan, Status, Verci"
A0WF,AIev,Block Mag,,,,Damage
A0WE,ACac,Auto-Bravery,,,other,"Bravery, Damage, Gaya_Scan, Status, Verci"
A0WD,AItx,,,,,not used by code
A0WC,Arsg,Summon Nebra Guards,0,1,,not used by code
A0WB,ANcl,Aqualung,0,1,,Aqualung
A0WA,AHad,Gnoll Aura,0,1,,Quest_SaveTimmy
A0W9,ANcl,Esuna,0,1,orc,"Esuna, Init"
A0W8,Auhf,Auto-Life,,,orc,not used by code
A0W7,ANcl,10000 Needles,0,1,undead,Needles
A0W6,ANcl,!9999 Needles,0,1,undead,Needles
A0W5,ANcl,1000 Needles,0,1,undead,Needles
A0W4,ANcl,!99999 Needles,0,1,undead,Needles
A0W3,ANcl,!Terra Break,0,1,,Spell_TerraBreak
A0W2,ANcl,!Clione,0,1,undead,Boss_Shinra
A0W1,ANcl,!Final Impact,0,1,undead,not used by code
A0W0,AHbz,Wide Meteor,0,1,,"FinalImpact, Spell_Meteor"
A0VZ,AHhb,Toss X-Potion,0,1,,not used by code
A0VY,AHhb,Toss Mega Potion,0,1,,not used by code
A0VX,AHhb,Toss Hi-Potion,0,1,,not used by code
A0VW,AHhb,Toss Potion,0,1,,not used by code
A0VV,ANcl,Start Fish,0,1,other,Fishing_Casting
A0VU,ANcl,Start Fish,0,1,other,Fishing_Casting
A0VT,ANcl,Start Fish,0,1,other,Fishing_Casting
A0VS,Afae,Zombie,,,undead,not used by code
A0VR,Amgl,Holy Ankh Hint,,,creeps,HolyAnkh
A0VQ,ANcl,>,0,1,,Fishing_ReelingAndCatch
A0VP,ANcl,v,0,1,,Fishing_ReelingAndCatch
A0VO,ANcl,^,0,1,,Fishing_ReelingAndCatch
A0VN,ANcl,<,0,1,,Fishing_ReelingAndCatch
A0VM,ANcl,Scourge,,11,human,"Init, Oracle"
A0VL,ANcl,Scourge,0,1,,"Boss_Gafgarion, Boss_Judges, Boss_Zalera, Oracle"
A0VK,ANab,Scourge,0,1,,Oracle
A0VJ,AIev,Unaffected by Cinematics,,,creeps,"Barrens, Boss_Agrias, Boss_Belias, Boss_Gafgarion, Boss_Hashmalum, Boss_Mateus +25"
A0VI,Aasl,Increased Speed,,,other,AtkSpd
A0VH,AIsx,Item Attack Speed Bonus,,,,AtkSpd
A0VG,AIs6,Attribute-Plus,,,,not used by code
A0VF,AItx,,,,,not used by code
A0VE,AItx,,,,,not used by code
A0VD,AIs6,Attribute-Plus,,,,not used by code
A0VC,AIs6,Attribute-Plus,,,,not used by code
A0VB,ANcl,Start Fish,0,1,other,Fishing_Casting
A0VA,AIcs,Critical Strike,,,,Damage
A0V9,AIcs,Critical Strike,,,,Damage
A0V8,Afae,Deprotect,,,undead,Protect
A0V7,ANcl,Maelstrom,0,1,undead,Maelstrom
A0V6,ANcl,Golem,,11,human,"DarkPhoenix, Init, Summon_Golem"
A0V5,ANcl,Shiva,,11,human,"Init, Summon_Shiva"
A0V4,AIs6,Attribute-Plus,,,,not used by code
A0V3,ACac,Vampiric Power,,,other,Damage
A0V2,Afae,!Full Break,,,undead,Dispel
A0V1,ANcl,!Ultima,0,1,orc,Ultima
A0V0,AI2m,Item Mana Bonus,,,,not used by code
A0UZ,ANcl,Thundaga,0,1,orc,"Calculator, DarkQuezacotl"
A0UY,ANcl,Blizzaga,0,1,orc,Spell_Blizzaga
A0UX,ANcl,Firaga,0,1,orc,"Calculator, DarkPhoenix"
A0UW,Absk,Pierce,,,,not used by code
A0UV,ACev,Non-Aggressor,,,other,Zone
A0UU,AOwk,Ride Like The Wind,0,1,,not used by code
A0UT,ANcl,Ice,0,1,,Ice
A0US,AIev,Block Phys,,,,Damage
A0UR,AIae,Infinity,,,,not used by code
A0UQ,ANcl,Miracle,0,1,,Miracle
A0UP,ANcl,Bomb,0,1,orc,Init
A0UO,ANcl,Bomb,0,1,orc,Init
A0UN,ANcl,Bomb,0,1,orc,Init
A0UM,ANcl,Bomb,0,1,orc,Init
A0UL,ANcl,Bomb,0,1,orc,Init
A0UK,ANcl,Bomb,0,1,orc,Init
A0UJ,ANcl,Bomb,0,1,orc,Init
A0UI,ANcl,Bomb,0,1,orc,Init
A0UH,ACif,Bravery,,,,Bravery
A0UG,ANcl,!Ultima,0,1,,"Boss_Echele, Ultima, Valfodr"
A0UF,AHtb,Holy Blast,0,1,undead,Spell_HolyBlast
A0UE,AIhb,Holy,,,undead,Sorcerer
A0UD,AUfa,Wall,0,1,other,"Protect, Shell"
A0UC,Auhf,Faith,,,creeps,Faith
A0UB,AUfa,Wall,0,1,other,"Elemental, Protect, Shell"
A0UA,AHtb,Club,0,1,orc,Wirts
A0U9,Amgl,Magatama Hint,,,creeps,"Boss_DemiFiend, RingOfDarkness"
A0U8,ANcl,Elementa,0,1,orc,"Fire, Ice, Spell_Bolt"
A0U7,ACvp,Vampiric Strike,,,other,not used by code
A0U6,ACev,Sleepproof,,,nightelf,"Damage, Gaya_Scan, Hades, Sleep, Status"
A0U5,AIhb,Darkness,,,undead,Darkness
A0U4,AUsl,Sleep,0,1,,"Hades, Sleep"
A0U3,ANcl,Heat Wave,0,1,undead,Spell_HeatWave
A0U2,ANcl,Javelin Rain,0,1,undead,Spell_JavelinRain
A0U1,ANcl,Xeros Beat,0,1,undead,Spell_XerosBeat
A0U0,ANdh,Choco-Shell,0,1,other,"Chocobo_Taming, Shell"
A0TZ,ANdh,Shell,,11,human,"Init, Shell"
A0TY,ACen,Immobilize,1,11,human,not used by code
A0TX,ANcl,!Diamond Dust,0,1,undead,"Shiva, Spell_Blizzaga"
A0TW,AIev,Cursed Combo Potential,,,creeps,Damage
A0TV,ACev,Dual Wield,,,orc,not used by code
A0TU,AUau,HP Regeneration Bonus,0,22,human,"Arena_Spawning, Gafgarion, Passive, Spawn"
A0TT,ACnr,Gaya Lifestream,,,,Spawn
A0TS,ACnr,Gaya Lifestream,,,,not used by code
A0TR,ANcl,Gaya Rage,0,1,undead,Spell_GayaRage
A0TQ,AUfa,Ice Shield,0,1,human,Protect
A0TP,ANcl,Water,0,1,,Spell_Water
A0TO,AHtb,Bolt,0,1,creeps,"Elements, Spell_Bolt"
A0TN,ANcl,Thundaga,0,1,,"Calculator, Elements"
A0TM,ANcl,Blizzaga,0,1,,"Elements, Spell_Blizzaga"
A0TL,Auhf,Bravery,,,other,not used by code
A0TK,AEim,MP Attack,,6,human,"Damage, Init"
A0TJ,ACac,Girimehkala Skin,,,,not used by code
A0TI,Ablo,Hastera,,11,human,Haste
A0TH,Auhf,Faith,,,creeps,Faith
A0TG,AItx,,,,,not used by code
A0TF,ANcl,Flare,0,1,,"Boss_Judges, Sorcerer"
A0TE,ANcl,Flare,0,1,,Sorcerer
A0TD,ANcl,Flare,0,1,orc,Sorcerer
A0TC,ANcl,Flare,0,1,,Sorcerer
A0TB,ANcl,Flare,,11,human,"Init, Sorcerer"
A0TA,AOws,Flare,0,1,human,"Hades, Sorcerer"
A0T9,ACev,Last Stand,,,other,"Abil, Arena_Cups, Boss_Shinryu, Damage, Gaya_Scan, Shadow_Hiring +1"
A0T8,AIev,Block All,,,creeps,"Damage, Judgment, MysteriousCurse, Quest_NorthernGod"
A0T7,AOws,Tremor,0,1,undead,"Elements, Tremor"
A0T6,ACev,Splash Attack,,,other,Damage
A0T5,ACua,Fast Regeneration,,,,Damage
A0T4,ACev,Wind Absorption,,,other,"Element, Gaya_Scan"
A0T3,ACev,Earth Absorption,,,other,"Element, Gaya_Scan"
A0T2,ACev,Water Absorption,,,other,"Element, Gaya_Scan"
A0T1,ACev,Thunder Absorption,,,other,"Element, Gaya_Scan"
A0T0,ACev,Ice Absorption,,,other,"Element, Gaya_Scan"
A0SZ,ACev,Fire Absorption,,,other,"Element, Gaya_Scan"
A0SY,ACev,Earth Immunity,,,other,"Element, Gaya_Scan"
A0SX,ACev,Wind Immunity,,,other,"Element, Gaya_Scan"
A0SW,ACev,Water Immunity,,,other,"Element, Gaya_Scan, GodDragon"
A0SV,ACev,Thunder Immunity,,,other,"Element, Gaya_Scan"
A0SU,ACev,Ice Immunity,,,other,"Element, Gaya_Scan"
A0ST,ACev,Fire Immunity,,,other,"Element, Gaya_Scan"
A0SS,ANcl,Aero,0,1,,"Elements, Spell_Aero"
A0SR,ANcl,Aero,0,1,,Spell_Aero
A0SQ,ANcl,Knot of Rust,0,1,,Knot
A0SP,ANcl,Knot of Rust,,11,human,Knot
A0SO,AHtb,Knot of Rust,0,1,,Knot
A0SN,ANcl,Aqualung,0,1,,"Aqualung, Elements"
A0SM,ANcl,Water,0,1,,Spell_Water
A0SL,ANcl,Dragon Breath,0,1,undead,Lancer
A0SK,ANcl,Dispel,0,1,orc,Dispel
A0SJ,ANcl,Dispel,0,1,orc,"Boss_Gafgarion, Boss_Zalera, Dispel"
A0SI,ANeg,Enchantment Variant,0,6,human,"Geomancer, Job, Shrine"
A0SH,ANcl,Fire,0,1,,"Elements, Fire"
A0SG,ANcl,Firaga,0,1,,"Calculator, Elements"
A0SF,AIev,Command AI,,64,creeps,"Damage, Fafnir, KalmSiege2, Oversoul, Quest_ImperviousBeast, Shemhazai"
A0SE,Acrs,Enaero,1,11,human,"Cooldown, Elements, Geomancer"
A0SD,Acrs,Enstone,1,11,human,"Cooldown, Elements, Geomancer"
A0SC,Acrs,Enwater,1,11,human,"Cooldown, Elements, Geomancer"
A0SB,Acrs,Enthunder,1,11,human,"Cooldown, DarkQuezacotl, Elements, Geomancer"
A0SA,ANcl,Water,0,1,,"Elements, Spell_Water"
A0S9,Acrs,Enfrost,1,11,human,"Cooldown, Elements, Geomancer"
A0S8,Acrs,Enfire,1,11,human,"Cooldown, DarkPhoenix, Geomancer, Init, Job, Shrine"
A0S7,ANcl,Quake,0,1,,Spell_Quake
A0S6,AIev,Block Both,,,,Damage
A0S5,AIev,Block Mag,,,,Damage
A0S4,AIev,Block Mag,,,,Damage
A0S3,AIev,Block Mag,,,,Damage
A0S2,AIev,Block Mag,,,,Damage
A0S1,AIev,Block Mag,,,,Damage
A0S0,AIev,Block Phys,,,,Damage
A0RZ,ANdh,Shellra,0,11,human,Shell
A0RY,ANdh,Divine Shield,,11,human,"Init, Prophet"
A0RX,ANdh,Imperil,0,6,human,Calculator
A0RW,Auhf,Faith,,11,human,"Faith, Oracle"
A0RV,AIev,Improved Hardened Skin,,,creeps,Damage
A0RU,AIev,Hardened Skin,,,creeps,Damage
A0RT,AIev,Interceptor Protection,,,creeps,Damage
A0RS,ACev,Dragon Flame,,11,orc,not used by code
A0RR,AIsr,Magicdamage Reduction,,,creeps,not used by code
A0RQ,ACev,Invalid Arena Summon,,,nightelf,"Arena_Access, Arena_BattleSetup, Arena_Rounds"
A0RP,AHad,Shielding Arm,0,1,undead,"Boss_Penance, Damage"
A0RO,ACev,Arm Destruction,,,nightelf,Damage
A0RN,ACat,Sharpshooter,,,orc,not used by code
A0RM,ANcl,!Diamond Dust,0,1,undead,"Shiva, Spell_Blizzaga, Summon_Transfusion"
A0RL,ACbf,Diamond Dust,,,,Shiva
A0RK,ANcl,!Hellfire,0,1,undead,"DarkPhoenix, Ifrit, Summon_Transfusion"
A0RJ,ACbf,Dragon Breath,,,,Lancer
A0RI,Absk,Aim,1,11,human,not used by code
A0RH,ACev,Aim,,15,orc,"Aim, Damage"
A0RG,ACev,Spellbreaker,,,other,"Abil, Damage, Gaya_Scan, Shrine"
A0RF,ACev,Serenity,,,other,"Abil, Arena_Duel, Damage, Shrine"
A0RE,AIev,Elunes Grace,,,creeps,Damage
A0RD,Aroa,!Infinity,1,6,human,"Init, Prophet"
A0RC,AId0,,,,,not used by code
A0RB,ACev,Ghoul Master,,6,nightelf,"Ghoul, KalmSiege1, KalmSiege2, KalmSiege3"
A0RA,ACev,Blindproof,,,nightelf,"Damage, Gaya_Scan, Oracle, Status"
A0R9,ACev,Demistrike,,,nightelf,Damage
A0R8,AIsx,Attack Speed +200%,,,nightelf,not used by code
A0R7,ACev,Lightning Attack,,,nightelf,not used by code
A0R6,AIev,Dexterity,,,orc,"Damage, Shadow_Hiring"
A0R5,ACvp,Vampiric Strike,,,other,not used by code
A0R4,AUfa,Protectra,0,11,human,Protect
A0R3,Absk,Evade & Counter,,,,"BattleLog, Cooldown, Evade, Hunt_Encounters, Job"
A0R2,ACev,Drain Attack,,11,orc,"Damage, DrainAttack"
A0R1,ANbr,Drain Attack,,11,human,"Arena_Spawning, DrainAttack, Init, Spawn"
A0R0,ANcl,!Myriad Arrows,,6,human,"Init, Myriad"
A0QZ,Auhf,Faithra,,11,human,"Faith, Oracle"
A0QY,ACev,Devalued,,,other,"Damage, Devour, Exp, KalmSiege1, KalmSiege2, KalmSiege3 +2"
A0QX,ACev,Devaluing Attack,,,other,"Damage, Exodus, Kalm"
A0QW,ACac,Damage Bonus,,22,human,Passive
A0QV,AIev,Block Phys,,,,Damage
A0QU,AImt,Join Fast,,,orc,not used by code
A0QT,AEfk,Fan of Knives,0,1,human,"Fan, Needles, Spell_XerosBeat"
A0QS,ANcl,Fan of Knives,,11,human,"Fan, Init"
A0QR,AEfk,Arrowwave,0,1,human,"Arrowwave, Auto"
A0QQ,ANcl,Arrowwave,,11,human,"Arrowwave, Init"
A0QP,AOsh,Rave Kick,0,1,human,Rave
A0QO,ANcl,Rave Kick,,11,human,"Init, Rave"
A0QN,ANcl,Meteor,0,1,orc,Meteor
A0QM,ANcl,Meteor,,11,human,"Init, Meteor"
A0QL,Ainf,Bravera,,11,,"Bravery, Oracle"
A0QK,AIev,Support Expertise,,,,"Haste, Oracle, Protect, Shell"
A0QJ,ANcl,Eclipse,,11,human,"HolySwordsman, Init"
A0QI,AIaz,Attribute-Plus,,,,not used by code
A0QH,ANcl,Liquid Steel,,11,human,"Init, Spell_LiquidSteel"
A0QG,AItx,,,,,not used by code
A0QF,ANcl,Thundaga,,11,human,"Calculator, DarkQuezacotl, Init"
A0QE,ANfl,Thundaga,0,11,human,Calculator
A0QD,ANcl,Firaga,,11,human,"Calculator, DarkPhoenix, Init"
A0QC,AHtb,Firaga,0,1,,Calculator
A0QB,AIev,Main Gauche Evasion,,,,Damage
A0QA,ANcl,Fire,0,1,orc,"DarkPhoenix, Fire"
A0Q9,ANcl,Ice,0,1,orc,Ice
A0Q8,AUfn,Ice,0,1,human,Ice
A0Q7,ANcl,Ice,,11,human,"Ice, Init"
A0Q6,ANcl,Aeroga,0,1,,Spell_Aero
A0Q5,ANcl,Aerora,0,1,,Spell_Aero
A0Q4,ANab,Aero,0,1,,Spell_Aero
A0Q3,ANcl,Aero,0,1,,Spell_Aero
A0Q2,ANcl,Wateraga,0,1,,Spell_Water
A0Q1,ANcl,Watera,0,1,,Spell_Water
A0Q0,ANcl,Water,0,1,,Spell_Water
A0PZ,ACcv,Water,,,,"Famfrit, Spell_Water"
A0PY,ANcl,Quakeraga,0,1,,Spell_Quake
A0PX,ANcl,Quakera,0,1,,Spell_Quake
A0PW,AHfs,Quake,0,1,creeps,Spell_Quake
A0PV,ANcl,Quake,0,1,,Spell_Quake
A0PU,ANcl,Fire,,11,human,"DarkPhoenix, Fire, Init"
A0PT,AIev,Block Phys,,,,Damage
A0PS,AIev,Physical Immunity,,,creeps,"Damage, Gaya_Scan"
A0PR,AIev,Anti-Block Mag,,,creeps,Damage
A0PQ,AIev,Anti-Block Phys,,,creeps,Damage
A0PP,AIev,Defend,,,orc,"Damage, Defend"
A0PO,ACev,Latest Used Element,,8,other,"Damage, HolySwordsman"
A0PN,ACev,Gaya Strength,,,orc,Damage
A0PM,ACev,Random Omni Absorb,,,other,Damage
A0PL,Aroa,Growth,,,,not used by code
A0PK,ACev,Poison Acid,,,nightelf,Damage
A0PJ,ACev,Poison Acid,,,nightelf,Damage
A0PI,ACev,Deadly Poison,,,nightelf,Damage
A0PH,ACev,Poison Attack,,,nightelf,Damage
A0PG,ANab,Poison Attack,0,1,nightelf,Damage
A0PF,ACev,Frost Attack,,,nightelf,Damage
A0PE,ACfn,Frost Attack,,,nightelf,Damage
A0PD,AHad,Invulnerability,0,1,,"Arena_Duel, Damage"
A0PC,ANcl,Pray,0,1,orc,"Init, Prophet"
A0PB,ACvs,Physical Damage Detection,,,,Damage
A0PA,ACev,Adrenaline,,,other,"Abil, Damage, Gaya_Scan, Shadow_Hiring, Shrine"
A0P9,ACev,Focus,,,other,"Abil, Arena_Duel, Damage, Shadow_Hiring, Shrine"
A0P8,ACua,Enemy Regeneration,,,,not used by code
A0P7,ANcl,Armor Breaker,,11,human,"Armor, Init"
A0P6,AIad,Armor Break,,7,,not used by code
A0P5,Ainf,Pain,,11,,"Bravery, Oracle"
A0P4,Auhf,Fog,,11,human,"Faith, Oracle"
A0P3,AImt,House Portal,,,nightelf,"Fishing_ReelingAndCatch, Gaya_Channeling, Gaya_Movement, Quick"
A0P2,AIev,Block Phys,,,,Damage
A0P1,AOsh,!Light Pillar,0,1,undead,not used by code
A0P0,AIs6,Attribute-Plus,,,,not used by code
A0OZ,ACac,Spirit Aura,,,human,ForestSpirit
A0OY,ACac,Spirit Aura,,,human,ForestSpirit
A0OX,AOae,Spirit Aura,0,1,human,ForestSpirit
A0OW,AOae,Spirit Aura,0,1,human,ForestSpirit
A0OV,AHad,Spirit Aura,0,1,,ForestSpirit
A0OU,AHad,Spirit Aura,0,1,,ForestSpirit
A0OT,Aasl,Maximized Speed,,,other,not used by code
A0OS,AIl2,,,,,not used by code
A0OR,Arel,,,,,not used by code
A0OQ,AIev,Combo Triple Chance,,,creeps,Damage
A0OP,ACfn,Frost Attack,,,nightelf,Damage
A0OO,AI2m,Item Mana Bonus,,,,not used by code
A0ON,Atau,!Sentinel,1,6,human,"Init, Sentinel"
A0OM,AEtq,!Tranquility,,6,human,Init
A0OL,AIi6,Attribute-Plus,,,,not used by code
A0OK,AIi6,Attribute-Plus,,,,not used by code
A0OJ,AIi6,Attribute-Plus,,,,not used by code
A0OI,AIl2,,,,,not used by code
A0OH,AI2m,Item Mana Bonus,,,,not used by code
A0OG,AId0,,,,,not used by code
A0OF,Aasl,Increased Speed,,,other,not used by code
A0OE,Arel,,,,,not used by code
A0OD,AIl2,,,,,not used by code
A0OC,Arel,,,,,not used by code
A0OB,Arel,,,,,not used by code
A0OA,AId0,,,,,not used by code
A0O9,AIaz,Attribute-Plus,,,,not used by code
A0O8,Arej,Chakra,,,undead,Chakra
A0O7,ACac,Auto-Growth,,,other,"Exp, Status"
A0O6,AId0,,,,,not used by code
A0O5,AIs6,Attribute-Plus,,,,not used by code
A0O4,ACev,Cover,,8,orc,"Cover, Damage"
A0O3,AIi6,Attribute-Plus,,,,not used by code
A0O2,AIi6,Attribute-Plus,,,,not used by code
A0O1,AIl2,,,,,not used by code
A0O0,AIl2,,,,,not used by code
A0NZ,AId0,,,,,not used by code
A0NY,AIl2,,,,,not used by code
A0NX,AId0,,,,,not used by code
A0NW,AIl2,,,,,not used by code
A0NV,AIl2,,,,,not used by code
A0NU,AIi6,Attribute-Plus,,,,not used by code
A0NT,AIbm,Item Mana Bonus,,,,not used by code
A0NS,AI2m,Item Mana Bonus,,,,not used by code
A0NR,AIs6,Attribute-Plus,,,,not used by code
A0NQ,AIs6,Attribute-Plus,,,,not used by code
A0NP,AIcs,Critical Strike,,,,Damage
A0NO,AIsx,Item Attack Speed Bonus,,,,AtkSpd
A0NN,AIcs,Critical Strike,,,,Damage
A0NM,AIs6,Attribute-Plus,,,,not used by code
A0NL,AItx,,,,,not used by code
A0NK,AIcs,Critical Strike,,,,Damage
A0NJ,AIs6,Attribute-Plus,,,,not used by code
A0NI,AIs6,Attribute-Plus,,,,not used by code
A0NH,AIs6,Attribute-Plus,,,,not used by code
A0NG,AIs6,Attribute-Plus,,,,not used by code
A0NF,AIs6,Attribute-Plus,,,,not used by code
A0NE,AIs6,Attribute-Plus,,,,not used by code
A0ND,AItx,,,,,not used by code
A0NC,AIs6,Attribute-Plus,,,,not used by code
A0NB,AIs6,Attribute-Plus,,,,not used by code
A0NA,AIad,Armor Shatter,,,,not used by code
A0N9,AIcs,Perfect Accuracy,,,,not used by code
A0N8,AIsr,Magicdamage Reduction,,,creeps,not used by code
A0N7,AIsr,Magicdamage Reduction,,,creeps,not used by code
A0N6,AIsr,Magicdamage Reduction,,,creeps,Quest_Rematch
A0N5,ANcl,Send: Armory Brackets,0,1,,Load
A0N4,ANcl,!Vendetta,0,1,undead,Vendetta
A0N3,AHtc,Vendetta,0,1,,Vendetta
A0N2,AIgo,Gold +5000,,,,not used by code
A0N1,AIgo,Gold +2500,,,,not used by code
A0N0,Auhf,Faith,,,creeps,"Faith, Ripper, Rune"
A0MZ,ACif,Bravery,,,,"Bravery, Ripper, Rune"
A0MY,AIev,Truecast,,,creeps,"Damage, Gaya_Scan"
A0MX,ANcl,Cancel,0,41,,Armory
A0MW,ANcl,Armory,0,1,,"Armory, Init, Title"
A0MV,ACev,Plentiful,,,other,"Caravan, Chocobo_WildBehavior, Dismantle, Elemental, Kalm, Loot +2"
A0MU,AIms,Movespeed Bonus,,,,not used by code
A0MT,Amls,Death,,,undead,not used by code
A0MS,ACev,Unstealable,,,other,"Boss_Belias, Boss_Mateus, Steal"
A0MR,ANcl,Steal,,11,human,"Init, Steal"
A0MQ,Aamk,Motivation,0,11,orc,not used by code
A0MP,Aamk,Motivation,0,11,orc,not used by code
A0MO,Aamk,Motivation,0,11,orc,not used by code
A0MN,Aamk,Motivation,0,11,orc,not used by code
A0MM,Aamk,Motivation,0,11,orc,not used by code
A0ML,Aamk,Motivation,0,11,orc,not used by code
A0MK,Aamk,Motivation,0,11,orc,not used by code
A0MJ,Aamk,Motivation,0,11,orc,not used by code
A0MI,ACev,Omni Orb Amplification,,,other,"Abil, Boss_Echele, Element, GodDragon"
A0MH,ACev,Omni Weakness,,,other,"Element, Gaya_Scan"
A0MG,ACev,Omni Spell Amplification,,,other,"Abil, Boss_Echele, Element, GodDragon"
A0MF,ACev,Omni-elemental Damage,,,other,"Element, GodDragon"
A0ME,ACev,Omni Ward,,,other,"Abil, Damage, Element, Gaya_Scan, GodDragon"
A0MD,ACev,Omnistrike,,,other,Element
A0MC,ACev,Wind Orb Amplification,,,other,"Abil, Element"
A0MB,ACev,Earth Orb Amplification,,,other,"Abil, Element"
A0MA,ACev,Water Orb Amplification,,,other,"Abil, Element"
A0M9,ACev,Thunder Orb Amplification,,,other,"Abil, Element, KalmSiege1, KalmSiege2, KalmSiege3"
A0M8,ACev,Ice Orb Amplification,,,other,"Abil, Element"
A0M7,ACev,Fire Orb Amplification,,,other,"Abil, Element"
A0M6,ACev,Wind-elemental Damage,,,other,"Element, Gust, Spell_Aero, Tornado, WindShear"
A0M5,ACev,Earth-elemental Damage,,,other,"Boss_DarkFact, Element, Rave, Spell_Quake, Valfodr"
A0M4,ACev,Water-elemental Damage,,,other,"Aqualung, Element, Famfrit, Spell_Water"
A0M3,ACev,Thunder-elemental Damage,,,other,"Calculator, Element, Shock, Spell_Bolt, Valfodr"
A0M2,ACev,Ice-elemental Damage,,,other,"Blizzard, Element, HolySwordsman, Ice, Shiva, Spell_Blizzaga"
A0M1,ACev,Fire-elemental Damage,,,other,"Calculator, Element, Fire, Ifrit, Lancer, McBurn +2"
A0M0,ACev,Wind Resistance,,,other,"Abil, Element, Gaya_Scan"
A0LZ,ACev,Earth Resistance,,,other,"Abil, Element, Gaya_Scan"
A0LY,ACev,Water Resistance,,,other,"Abil, Element, Gaya_Scan"
A0LX,ACev,Thunder Resistance,,,other,"Abil, Element, Gaya_Scan"
A0LW,ACev,Ice Resistance,,,other,"Abil, Element, Gaya_Scan"
A0LV,ACev,Fire Resistance,,,other,"Abil, Element, Gaya_Scan"
A0LU,ACev,Wind Weakness,,,other,"Element, Gaya_Scan"
A0LT,ACev,Earth Weakness,,,other,"Element, Gaya_Scan"
A0LS,ACev,Water Weakness,,,other,"Element, Gaya_Scan"
A0LR,ACev,Thunder Weakness,,,other,"Element, Gaya_Scan, GodDragon"
A0LQ,ACev,Ice Weakness,,,other,"Element, Gaya_Scan"
A0LP,ACev,Fire Weakness,,,other,"Element, Gaya_Scan"
A0LO,ACev,Wind Spell Amplification,,,other,"Abil, Element"
A0LN,ACev,Earth Spell Amplification,,,other,"Abil, Element"
A0LM,ACev,Water Spell Amplification,,,other,"Abil, Element"
A0LL,ACev,Thunder Spell Amplification,,,other,"Abil, Element, KalmSiege1, KalmSiege2, KalmSiege3"
A0LK,ACev,Ice Spell Amplification,,,other,"Abil, Element"
A0LJ,ACev,Fire Spell Amplification,,,other,"Abil, Element"
A0LI,ACev,Wind-elemental Attack,,,other,Element
A0LH,ACev,Earth-elemental Attack,,,other,Element
A0LG,ACev,Water-elemental Attack,,,other,"Element, GodDragon"
A0LF,ACev,Thunder-elemental Attack,,,other,Element
A0LE,ACev,Ice-elemental Attack,,,other,Element
A0LD,ACev,Fire-elemental Attack,,,other,Element
A0LC,Absk,Renzokuken,,,other,not used by code
A0LB,AI2m,Item Mana Bonus,,,,not used by code
A0LA,AId0,,,,,not used by code
A0L9,AIi6,Attribute-Plus,,,,not used by code
A0L8,AI2m,Item Mana Bonus,,,,not used by code
A0L7,AIs6,Attribute-Plus,,,,not used by code
A0L6,ANcl,Predict Magic,,11,human,"Init, Oracle"
A0L5,ANcl,Predict Strength,,11,human,"Init, Oracle"
A0L4,AIrr,Backstab,,,,not used by code
A0L3,ACvs,Darkness Attack,,5,,not used by code
A0L2,ACcs,Infinity,,6,human,Prophet
A0L1,ANdh,Shell,0,1,orc,Shell
A0L0,ANcl,Toss Greater Nectar,0,1,human,"Cooldown, Item_Cooldown, Shadow_Loyalty, Toss"
A0KZ,ANcl,Toss Nectar,0,1,human,"Cooldown, Item_Cooldown, Shadow_Loyalty, Toss"
A0KY,AEim,Thievery,,6,human,"Counter, Damage, Init"
A0KX,Aivs,Invisibility,,,creeps,not used by code
A0KW,AItx,,,,,not used by code
A0KV,Amgl,Ailment Defense,,,orc,"Knock, Wave"
A0KU,AIcs,Critical Strike,,,,Damage
A0KT,Amls,Death,1,11,,not used by code
A0KS,AIhb,Darkness,1,11,human,"Arena_Spawning, Darkness, Init, Spawn"
A0KR,AIsx,Base Attack Speed Reduction,,,nightelf,not used by code
A0KQ,AIl2,Upgrade Life Up,,11,nightelf,not used by code
A0KP,AIl2,Upgrade Life Up,,11,nightelf,not used by code
A0KO,AIl2,Upgrade Life Up,,11,nightelf,not used by code
A0KN,AIl2,Upgrade Life Bonus Dummy,,11,nightelf,"MagicDefense, Prof, Unit"
A0KM,AIl2,Upgrade Life Bonus Dummy,,11,nightelf,"Prof, Unit"
A0KL,AIl2,Upgrade Life Bonus Dummy,,11,nightelf,"Prof, Unit"
A0KK,AIsx,Agility to Attack Speed - 50% Steps,,20,nightelf,"AttackSpeed, Preload"
A0KJ,AIsx,Agility to Attack Speed - 2% Steps,,25,nightelf,"AttackSpeed, Preload"
A0KI,AIsr,Magic Defense to Spell Reduction,,100,nightelf,not used by code
A0KH,Aspb,Hero Modifier Container,,,nightelf,Init
A0KG,Amgl,Legendary Squire Task,,,demon,Elysium
A0KF,ACev,Infinity,,8,orc,"Damage, Prophet"
A0KE,Amgl,Legendary Prophet Task,,,demon,Elysium
A0KD,Amgl,Legendary Sorcerer Task,,,demon,Elysium
A0KC,Amgl,Legendary Oracle Task,,,demon,Elysium
A0KB,ANcl,Arrowwave,0,1,orc,"Arrowwave, Quest_Crossbow"
A0KA,ANcl,!Elixir,0,1,human,Toss
A0K9,AHad,Choco-Armor Aura,0,11,other,Chocobo_Population
A0K8,ANcl,Chocobo Tech Copy,0,1,other,"Chocobo_Taming, Chocobo_TechCopy, Chocobo_Upgrades"
A0K7,ANcl,Send: End Transmission,0,1,,Load
A0K6,ANcl,Send: 7,0,1,,not used by code
A0K5,ANcl,Send: 6,0,1,,not used by code
A0K4,ANcl,Send: 5,0,1,,not used by code
A0K3,ANcl,Send: 4,0,1,,not used by code
A0K2,ANcl,Send: 2,0,1,,not used by code
A0K1,ANcl,Send: 3,0,1,,not used by code
A0K0,ANcl,Send: 1,0,1,,not used by code
A0JZ,ANcl,Send: 0,0,1,,not used by code
A0JY,AHbz,Terra Break,0,1,,Spell_TerraBreak
A0JX,AIa6,Attribute-Plus,,,,not used by code
A0JW,AI2m,Item Mana Bonus,,,,not used by code
A0JV,AId0,,,,,not used by code
A0JU,AHab,Mana Recovery,0,1,critters,not used by code
A0JT,Arel,,,,,not used by code
A0JS,AId0,,,,,not used by code
A0JR,AIev,Block Phys,,,,Damage
A0JQ,AIs6,Attribute-Plus,,,,not used by code
A0JP,AItx,,,,,not used by code
A0JO,AHab,Mana Recovery,0,1,critters,not used by code
A0JN,AId0,,,,,not used by code
A0JM,AIx2,Attribute-Plus,,,,not used by code
A0JL,AIev,Swiftness,,,creeps,Damage
A0JK,Aasl,Frost-Aura,,,undead,not used by code
A0JJ,ANcl,!Diablos,0,1,,not used by code
A0JI,AUdd,Maelstrom,0,,,Maelstrom
A0JH,Amgl,Black Hole Hint,,,creeps,"Boss_BlackDevil, RingOfDarkness"
A0JG,AHab,Mana Recovery,0,1,critters,not used by code
A0JF,AI2m,Item Mana Bonus,,,,not used by code
A0JE,AHab,Mana Recovery,0,1,critters,not used by code
A0JD,ANcl,Elementa,0,1,orc,"Fire, Ice, Spell_Bolt"
A0JC,AIaz,Attribute-Plus,,,,not used by code
A0JB,AItx,,,,,not used by code
A0JA,AIbm,Item Mana Bonus,,,,not used by code
A0J9,ANcl,Arena Match Toggle,0,2,,"Arena_Configuration, Arena_Presentation"
A0J8,AIs6,Attribute-Plus,,,,not used by code
A0J7,AIx2,Attribute-Plus,,,,not used by code
A0J6,AIl2,,,,,not used by code
A0J5,AIl2,,,,,not used by code
A0J4,AIl2,,,,,not used by code
A0J3,AIl2,,,,,not used by code
A0J2,Arel,,,,,not used by code
A0J1,AIl2,,,,,not used by code
A0J0,AItx,,,,,not used by code
A0IZ,AIa6,Attribute-Plus,,,,not used by code
A0IY,ACev,Renzokuken,,15,orc,"Damage, Samurai"
A0IX,AImt,Join Fast,,,orc,not used by code
A0IW,AItx,,,,,not used by code
A0IV,AIi6,Attribute-Plus,,,,not used by code
A0IU,AIp1,Mana Ring,,,,not used by code
A0IT,AIh2,MP-to-HP Conversion,,,,not used by code
A0IS,AIbm,,,,,not used by code
A0IR,AIgo,Hero Drink,,,,not used by code
A0IQ,AIgo,Hidden Hero Medicine,,,,not used by code
A0IP,AIgo,Hero Drink,,,,"HeroDrink, Item_Cooldown"
A0IO,ANcl,Ice,0,1,,"Elements, Ice"
A0IN,ANcl,Spirit Scroll,0,1,other,SpiritScroll
A0IM,AIsp,Sprint,,,,not used by code
A0IL,AIp1,Cat's Ring,,,,not used by code
A0IK,ANcl,Summon Eden,0,1,,"Eden, Quest_StrongestEidolon"
A0IJ,AId0,,,,,not used by code
A0II,ACac,Cactuar Needles,,,,not used by code
A0IH,AIs6,Attribute-Plus,,,,not used by code
A0IG,Auhf,Mirage,1,11,human,Init
A0IF,AIs6,Attribute-Plus,,,,not used by code
A0IE,ACfb,Depth Charge,,,undead,Monstrum
A0ID,Aens,Jump,,,human,Lancer
A0IC,AIs6,Attribute-Plus,,,,not used by code
A0IB,AId0,,,,,not used by code
A0IA,AI2m,Item Mana Bonus,,,,not used by code
A0I9,AIl2,,,,,not used by code
A0I8,AIs6,Attribute-Plus,,,,not used by code
A0I7,AIs6,Attribute-Plus,,,,not used by code
A0I6,AIcs,Critical Strike,,,,Damage
A0I5,AIaz,Attribute-Plus,,,,not used by code
A0I4,ANcl,!Imperil,,6,human,"Calculator, Init"
A0I3,AOae,Transfusion Powerup,0,1,,"GodDragon, Summon_Transfusion, Transfusion"
A0I2,AId0,,,,,not used by code
A0I1,AIaz,Attribute-Plus,,,,not used by code
A0I0,AIsr,Magicdamage Reduction,,,creeps,Shemhazai
A0HZ,AIsr,Magicdamage Reduction,,,creeps,not used by code
A0HY,ANcl,Transfusion,0,1,orc,"Init, Transfusion"
A0HX,AIev,Swiftness,,,creeps,Damage
A0HW,AIi6,Attribute-Plus,,,,not used by code
A0HV,ANcl,Toss Remedy,0,1,human,Esuna
A0HU,AIgo,Remedy,,,,not used by code
A0HT,AIgo,Remedy,,,,Item_Cooldown
A0HS,AIsx,Wyrmhero Effect,,,,"AtkSpd, AttackSpeed, Damage"
A0HR,AIcs,,,,,not used by code
A0HQ,AIcs,Critical Strike,,,,Damage
A0HP,Amgl,Dual Wield,,,orc,"AtkSpd, Equip, Item_Shared"
A0HO,ANcl,!Quick,,6,human,"Init, Quick"
A0HN,ANcl,Finisher,,11,human,"HolySwordsman, Init"
A0HM,AOae,Increased Movement Speed,0,1,other,not used by code
A0HL,Amgl,Pharmacology,,,orc,"Food, HeroDrink, Potion, Toss"
A0HK,Amgl,Judge's Helm Hint,,,creeps,"Boss_Judges, RingOfDarkness"
A0HJ,Amgl,Excalipoor Hint,,,creeps,"Boss_Gilgamesh, RingOfDarkness"
A0HI,Amgl,Perfect MoD Hint,,,creeps,"Boss_Penance, RingOfDarkness"
A0HH,AHab,Mana Recovery,0,1,critters,not used by code
A0HG,AIev,Block Phys,,,,Damage
A0HF,AId0,,,,,not used by code
A0HE,AItx,,,,,not used by code
A0HD,AIs6,Attribute-Plus,,,,not used by code
A0HC,AIs6,Attribute-Plus,,,,not used by code
A0HB,AIaz,Attribute-Plus,,,,not used by code
A0HA,AIs6,Attribute-Plus,,,,not used by code
A0H9,AIs6,Attribute-Plus,,,,not used by code
A0H8,AIs6,Attribute-Plus,,,,not used by code
A0H7,AIs6,Attribute-Plus,,,,not used by code
A0H6,AIcs,Critical Strike,,,,Damage
A0H5,AIcs,Critical Strike,,,,Damage
A0H4,AIcs,Critical Strike,,,,Damage
A0H3,AIs6,Attribute-Plus,,,,not used by code
A0H2,Arel,,,,,not used by code
A0H1,AIl2,,,,,not used by code
A0H0,Ablo,Momentum,,10,human,Momentum
A0GZ,ANcl,Noxious Mixture,,11,human,"Chemist, Init"
A0GY,AIev,Swiftness,,,creeps,Damage
A0GX,AIgo,Arena Premium Ticket,,,,not used by code
A0GW,AIgo,Arena Ticket,,,,not used by code
A0GV,AItx,,,,,not used by code
A0GU,AIgo,Magic God Token,,,,not used by code
A0GT,Afod,War Bolt,,,,not used by code
A0GS,AIaz,Attribute-Plus,,,,not used by code
A0GR,AIgo,Gold +10000,,,,not used by code
A0GQ,Afbk,Magic Break,,,creeps,not used by code
A0GP,AIev,Two-Handed,,,orc,"Damage, TwoHanded"
A0GO,AIsx,Item Attack Speed Bonus,,,,AtkSpd
A0GN,AOae,Increased Movement Speed,0,1,other,not used by code
A0GM,AIaz,Attribute-Plus,,,,not used by code
A0GL,ANcl,Transfusion,0,1,orc,Transfusion
A0GK,AIlu,Crystal Pieces,,,,not used by code
A0GJ,AIae,Auto-Haste,,,,"Cooldown, Damage, Gaya_Scan, Haste, Status, Verci"
A0GI,ACac,Flanked,,,,Quest_SaveTimmy
A0GH,ANcl,Teleport,0,1,,"Arena_Cups, Teleport"
A0GG,ANcl,Teleport,0,1,,"Arena_Access, Arena_BattleResults, Arena_Cups, Teleport"
A0GF,ANcl,Cut South,0,1,,"HauntedTree, OakaIV"
A0GE,ANcl,Cut North,0,1,,"HauntedTree, OakaIV"
A0GD,ANcl,Answer,0,1,,DarkBahamut
A0GC,ANcl,Answer,0,1,,DarkBahamut
A0GB,ANcl,Answer,0,1,,DarkBahamut
A0GA,ANcl,Answer,0,1,,DarkBahamut
A0G9,ANcl,Answer,0,1,,DarkBahamut
A0G8,Amgl,Light Pillar Question,,,creeps,DarkBahamut
A0G7,Amgl,Light Pillar Question,,,creeps,DarkBahamut
A0G6,Amgl,Light Pillar Question,,,creeps,DarkBahamut
A0G5,ANcl,Toss Ether,0,1,human,"Cooldown, Item_Cooldown, Toss"
A0G4,Absk,Two-Handed Swing,,,other,not used by code
A0G3,ANcl,Toss Hi-Ether,0,1,human,"Cooldown, Item_Cooldown, Toss"
A0G2,AIev,Two-Handed,,,orc,not used by code
A0G1,ANcl,Toss Mega Ether,0,1,human,"Cooldown, Item_Cooldown, Toss"
A0G0,ACcs,Virus,,,undead,"Boss_Judges, Virus"
A0FZ,ANcl,Toss Hero Drink,0,1,human,"Cooldown, Item_Cooldown, Shadow_Support, Toss"
A0FY,ANcl,Toss Turbo Ether,0,1,human,"Cooldown, Item_Cooldown, Toss"
A0FX,ACev,Diseaseproof,,,nightelf,"Gaya_Scan, Virus"
A0FW,ACrj,Regen,,,orc,Regen
A0FV,ACev,Hit by Death Explosion,,,other,Death
A0FU,AId0,,,,,not used by code
A0FT,AId0,,,,,not used by code
A0FS,ANcl,!Incandescent Hellfire,0,1,,Spell_IncandescentHellfire
A0FR,AIh2,Mega Potion,,,,not used by code
A0FQ,ACev,Explode Upon Death,,,other,"Boss_DarkFact, Death, Necro"
A0FP,ACtb,Throw Prinny,,,orc,not used by code
A0FO,ANcl,Throw Prinny,0,1,,not used by code
A0FN,ANcl,Toss Elixir,0,1,human,"Cooldown, Item_Cooldown, Shadow_Loyalty, Toss"
A0FM,Aamk,Hero Drink Powerup,0,12,,"Medicine, Preload"
A0FL,AId0,,,,,not used by code
A0FK,AIev,Block Phys,,,,Damage
A0FJ,AIs6,Attribute-Plus,,,,not used by code
A0FI,AIl2,,,,,not used by code
A0FH,AOws,Earth Smash,0,1,undead,EarthSmash
A0FG,AOws,Earth Smash,0,1,undead,EarthSmash
A0FF,ACev,Hidden Hero Medicine,,,other,HeroMedicine
A0FE,AHab,Mana Drain,0,1,critters,not used by code
A0FD,AHfs,Ultima,0,1,undead,Ultima
A0FC,ANdh,Silence,0,1,orc,not used by code
A0FB,AIcs,,,,,not used by code
A0FA,ACbf,Heat Wave,,,,Spell_HeatWave
A0F9,ANcl,Answer,0,1,,DarkBahamut
A0F8,ACbc,Hellfire,,,undead,not used by code
A0F7,AUfn,Flare,0,1,human,not used by code
A0F6,Assk,Physical Immunity,,,undead,not used by code
A0F5,ANht,Threaten,0,1,human,not used by code
A0F4,ANth,Cactuar Needles,,,,not used by code
A0F3,AIev,Invert Defense Buffs,,,,Damage
A0F2,ANdh,Silence,0,1,undead,not used by code
A0F1,Acri,Power Break,,,,not used by code
A0F0,Afae,Deprotect,,,undead,Protect
A0EZ,Aspo,Poison Acid,,,undead,not used by code
A0EY,AHtc,Slow Breath,0,1,undead,not used by code
A0EX,AOws,!Bad Breath,0,1,undead,"BadBreath, Malboro"
A0EW,Aspo,Poison Acid,,,undead,not used by code
A0EV,Ablo,Haste,,,undead,"Cactuar, Haste"
A0EU,Assk,Damage Block,,,undead,not used by code
A0ET,AIsr,Magicdamage Reduction,,,creeps,Shemhazai
A0ES,AIsr,Magicdamage Reduction,,,creeps,not used by code
A0ER,AEfk,99999 Needles,0,1,undead,not used by code
A0EQ,ACtb,10000 Needles,,,undead,not used by code
A0EP,AHtb,3000 Needles,0,1,undead,not used by code
A0EO,AHtb,9999 Needles,0,1,undead,not used by code
A0EN,ACtb,Single Target Needles,,,undead,Needles
A0EM,AHad,Defense Bonus,0,22,,"MagicDefense, Passive"
A0EL,ANcl,Dragon Breath,0,1,orc,not used by code
A0EK,AId0,,,,,not used by code
A0EJ,AIs6,Attribute-Plus,,,,not used by code
A0EI,Aasl,Adamant Armor,,,other,"AtkSpd, Damage"
A0EH,AItx,,,,,not used by code
A0EG,AIdv,Spawn Protection,,,,not used by code
A0EF,Aam2,Shell,,,human,Shell
A0EE,AUfa,Protect,0,1,human,Protect
A0ED,Ablo,Haste,,,human,Haste
A0EC,AIcs,Critical Strike,,,,Damage
A0EB,Arel,Life Drain,,,,not used by code
A0EA,ANcl,!Hades,0,1,,not used by code
A0E9,AUsl,Sleep,0,1,,Sleep
A0E8,AIaz,Attribute-Plus,,,,not used by code
A0E7,Auhf,Auto-Life,,,orc,not used by code
A0E6,AIs6,Attribute-Plus,,,,not used by code
A0E5,AIhb,Holy,,,orc,Sorcerer
A0E4,ANcl,!Tonberry,0,1,,not used by code
A0E3,AIi6,Attribute-Plus,,,,not used by code
A0E2,AIcs,Critical Strike,,,,Damage
A0E1,AIaz,Attribute-Plus,,,,not used by code
A0E0,ANdh,Disable,0,1,,not used by code
A0DZ,ANcl,!Toss Elixir,0,1,human,Toss
A0DY,AIcs,,,,,not used by code
A0DX,AIs6,Attribute-Plus,,,,not used by code
A0DW,Arsg,"!Come, Enkidu!",0,1,undead,not used by code
A0DV,AIaz,Attribute-Plus,,,,not used by code
A0DU,AIs6,Attribute-Plus,,,,not used by code
A0DT,AIaz,Attribute-Plus,,,,not used by code
A0DS,AItx,,,,,not used by code
A0DR,AI2m,Item Mana Bonus,,,,not used by code
A0DQ,AHfs,Fire,0,1,,"Fire, Ifrit, Spell_FlamesOfJudgment"
A0DP,AIaz,Attribute-Plus,,,,not used by code
A0DO,AIaz,Attribute-Plus,,,,not used by code
A0DN,ANpi,Toxic Cloud,,,,not used by code
A0DM,AEsh,Poisoned Dagger,,10,undead,not used by code
A0DL,AHtb,Mineuchi,,10,undead,not used by code
A0DK,AItx,,,,,not used by code
A0DJ,ANcl,Dead Pepper,0,1,other,Chocobo_Digging
A0DI,ACev,Attack,,11,other,Chocobo_Population
A0DH,AIre,Regeneration,,11,,Chocobo_Population
A0DG,ANcl,Osmose,0,1,orc,Osmose
A0DF,AIi6,Attribute-Plus,,,,not used by code
A0DE,AIi6,Attribute-Plus,,,,not used by code
A0DD,AHbn,Choco-Banish,0,11,other,not used by code
A0DC,ANta,Chocry,,11,other,Chocobo_Population
A0DB,ACev,Chocobo Swiftness,,,other,Damage
A0DA,Aslo,Chocobo Slow,,11,other,"Chocobo_Population, Haste"
A0D9,Ablo,Chocobo Haste,,11,other,"Chocobo_Population, Haste"
A0D8,Ashm,Shadow Mimic,,11,other,Chocobo_Population
A0D7,ACac,Chocommando Aura,,11,other,Chocobo_Population
A0D6,AOwk,Trickster's Sprint,0,11,other,Chocobo_Population
A0D5,AImt,Quick Join Fast,,11,,Chocobo_Population
A0D4,AIgo,Magic Urn,,,,Cooldown
A0D3,AId0,,,,,not used by code
A0D2,AIev,Block Phys,,,,Damage
A0D1,AItx,,,,,not used by code
A0D0,AIcs,,,,,not used by code
A0CZ,ACua,Lantern,,,,not used by code
A0CY,AIhb,Holy,,,orc,Sorcerer
A0CX,AIs6,Attribute-Plus,,,,not used by code
A0CW,Aslo,!Everyone's Grudge,,,undead,EveryonesGrudge
A0CV,ANcl,Chocobo Tame,0,1,,Chocobo_Taming
A0CU,ANcl,Chocobo Tame,0,1,,Chocobo_Taming
A0CT,ANcl,Chocobo Tame,0,1,,Chocobo_Taming
A0CS,Aasl,Chocobo Potential,,8,,not used by code
A0CR,Aasl,Chocobo Potential,,8,,not used by code
A0CQ,Aasl,Chocobo Potential,,8,,not used by code
A0CP,Arel,,,,,not used by code
A0CO,AIl2,,,,,not used by code
A0CN,AId0,,,,,not used by code
A0CM,AIsx,Item Attack Speed Bonus,,,,AtkSpd
A0CL,AIcs,Critical Strike,,,,Damage
A0CK,AIl2,,,,,not used by code
A0CJ,AIev,Block Phys,,,,Damage
A0CI,AIs6,Attribute-Plus,,,,not used by code
A0CH,AIaz,Attribute-Plus,,,,not used by code
A0CG,Aasl,Fighting in Arena,,,,not used by code
A0CF,AHbz,Clione,0,1,undead,not used by code
A0CE,ANcl,Eden,0,1,undead,"Eden, Quest_StrongestEidolon, Tower"
A0CD,Acrs,Total Blind,,,,not used by code
A0CC,AOws,Earth Smash,0,1,undead,EarthSmash
A0CB,Apxf,,,,undead,not used by code
A0CA,AHtb,Bolt,,10,undead,not used by code
A0C9,ANcl,Teleport,0,1,orc,"Chocobo_Population, Teleport"
A0C8,AIl2,,,,,not used by code
A0C7,AIre,Spirit Potion,,,,"Cooldown, Item_Cooldown"
A0C6,AIre,Blood Ether,,,,"Cooldown, Item_Cooldown"
A0C5,AHbz,Aqualung,0,1,,Aqualung
A0C4,AIl2,,,,,not used by code
A0C3,Apxf,Dark Dragon Shot,,7,,not used by code
A0C2,ACtb,Throw Boulder,,,undead,not used by code
A0C1,Aasl,Alternate Dimension,,,orc,not used by code
A0C0,ACce,Smash-Attack,,,undead,not used by code
A0BZ,Apig,Permanent Fire,,,undead,not used by code
A0BY,ACac,Grief,,,undead,DarkShiva
A0BX,ACfb,Gust,,,undead,not used by code
A0BW,ACbf,Diamond Dust,,,undead,not used by code
A0BV,ANcl,Demi,0,1,,Spell_Demi
A0BU,ANcl,Demiga,0,1,,Spell_Demi
A0BT,ANcl,Demira,0,1,,Spell_Demi
A0BS,Aasl,Fire's Stock,,,,not used by code
A0BR,AUfa,Ice Protect,0,1,orc,not used by code
A0BQ,AEev,Alternative Dimension,0,1,orc,not used by code
A0BP,ANcl,Alternative Dimension,0,1,orc,not used by code
A0BO,AIx2,Attribute-Plus,,,,not used by code
A0BN,ACca,,,,,not used by code
A0BM,Awrs,Warstomp,,,,not used by code
A0BL,ACbz,,,,,not used by code
A0BK,ACbf,,,,,not used by code
A0BJ,ACf2,Protect,,,,Protect
A0BI,AIgo,Curse Item,,,,not used by code
A0BH,AChv,Healwave,,,,not used by code
A0BG,ACfn,Ice,,,,Ice
A0BF,ACct,Critical Strike,,,,Damage
A0BE,ACct,Critical Strike,,,,Damage
A0BD,ACct,Critical Strike,,,,Damage
A0BC,Awar,,,,creeps,not used by code
A0BB,Aasl,Decreased Movementspeed,,,other,not used by code
A0BA,AEev,Boss,0,1,creeps,not used by code
A0B9,AIs6,Attribute-Plus,,,,not used by code
A0B8,AIs6,Attribute-Plus,,,,not used by code
A0B7,AI2m,Item Mana Bonus,,,,not used by code
A0B6,ACrj,Regen,,,,Regen
A0B5,ACtb,Throw Stone,,,,not used by code
A0B4,ANcl,Break Stun,0,,nightelf,"Cmd, Gaya_Channeling, Gaya_Inventory, Gaya_Shared, Gaya_Support, Quick +2"
A0B3,Aasl,Decreased Movementspeed,,,other,not used by code
A0B2,AIs6,Attribute-Plus,,,,not used by code
A0B1,AIs6,Attribute-Plus,,,,not used by code
A0B0,Arel,,,,,not used by code
A0AZ,Arel,,,,,not used by code
A0AY,AHab,Mana Recovery,0,1,critters,not used by code
A0AX,AIa6,Attribute-Plus,,,,not used by code
A0AW,AIa6,Attribute-Plus,,,,not used by code
A0AV,AIsr,Magicdamage Reduction,,,creeps,Gafgarion
A0AU,AIev,Swiftness,,,creeps,Damage
A0AT,AIs6,Attribute-Plus,,,,not used by code
A0AS,AOae,Increased Movement Speed,0,1,other,not used by code
A0AR,Aspb,Hero Chronicles,,,nightelf,"Preload, Title, Titles"
A0AQ,ACcs,Virus,,,orc,Virus
A0AP,AIev,Barehanded,,,orc,Damage
A0AO,AItx,,,,,not used by code
A0AN,AItx,,,,,not used by code
A0AM,AIev,Block Phys,,,,Damage
A0AL,AIs6,Attribute-Plus,,,,not used by code
A0AK,AItx,,,,,not used by code
A0AJ,AIcs,Critical Strike,,,,Damage
A0AI,AIsx,Item Attack Speed Bonus,,,,AtkSpd
A0AH,AIrm,,,,,not used by code
A0AG,AIcs,,,,,not used by code
A0AF,AIcs,Critical Strike,,,,Damage
A0AE,ANcl,Rapid Fire,,11,human,"DarkPhoenix, Init, Spell_RapidFire"
A0AD,ANcl,Yuffie's Shuriken,,11,human,"Init, Spell_Shuriken"
A0AC,ANrf,Choco-Meteo,0,6,critters,Chocobo_WildBehavior
A0AB,Aam2,Choco-Shell,,,other,"Chocobo_Taming, Shell"
A0AA,AUfa,Choco-Protect,0,1,other,"Chocobo_Taming, Protect"
A0A9,AUfn,Deadly Tornado,,1,,not used by code
A0A8,ANcl,Chocobo Tame,0,1,,Chocobo_Taming
A0A7,Ablo,Hastega,,,human,Haste
A0A6,ANcl,!Boco,0,1,,not used by code
A0A5,AIgf,Chocobo Defending,,,,not used by code
A0A4,AIsp,Chocobo Sprint,,,critters,"Chocobo_Taming, Chocobo_TechCopy, Chocobo_Upgrades, Chocobo_WildBehavior"
A0A3,AIms,Walkspeed-Bonus,,,orc,not used by code
A0A2,AItx,,,,,not used by code
A0A1,AIs6,Attribute-Plus,,,,not used by code
A0A0,AI2m,Item Mana Bonus,,,,not used by code
A09Z,ANcl,!Odin,0,1,,not used by code
A09Y,AEah,Ultimate Reflect,,5,creeps,not used by code
A09X,AHhb,Heavenly Light,0,1,orc,Heal
A09W,Aasl,Omega Weapon Defeated,,,,not used by code
A09V,AUfn,Deadly Tornado,,1,,not used by code
A09U,AHbz,Water Blow,,1,undead,not used by code
A09T,ACfb,Gust,,,undead,not used by code
A09S,ANsg,Anti Thedudeabides,0,1,orc,not used by code
A09R,AEah,Cenarius,,1,,not used by code
A09Q,ANth,Ghosteffect,,,,not used by code
A09P,Aroa,Anti Thereisnospoon,,,orc,Cheat
A09O,Arsg,Minotaur,0,1,undead,not used by code
A09N,Arsg,Sacred,0,1,undead,not used by code
A09M,ANcl,Brothers,0,1,undead,"Quest_Rematch, Tower"
A09L,AIra,!Megalixir,,,,"Food, Item_Cooldown"
A09K,AUfa,Protect,0,1,,"Living, Numerus, Protect, Ripper, Shemhazai"
A09J,AIm2,Ether [Necro Helm],,,orc,not used by code
A09I,AItx,,,,,not used by code
A09H,AHtb,Stop,0,1,creeps,not used by code
A09G,ACcs,Blind,,,,"Oracle, Zodiark"
A09F,ANdh,Silence,0,1,,not used by code
A09E,ANdh,Silence,0,1,,not used by code
A09D,ACsw,Slow,,,,Haste
A09C,ACcs,Blind,,,,"Damage, Oracle"
A09B,ANdh,Silence,0,1,,not used by code
A09A,Auhf,Faith,,,other,not used by code
A099,Amrf,Fly Trick 2,,,undead,not used by code
A098,ANbr,Angels Wish,,5,human,not used by code
A097,AUau,Speech,0,1,,not used by code
A096,AEsf,Smite of the Gods,,3,human,not used by code
A095,AEbl,Ultimate Teleport,0,1,orc,not used by code
A094,ACbn,Speech,,,,not used by code
A093,AI2m,Item Mana Bonus,,,,not used by code
A092,Arsg,Zodiac,,3,human,not used by code
A091,AHtc,The Summoning,,10,,not used by code
A090,ANcl,Quake,0,1,,Spell_Quake
A08Z,AItx,,,,,not used by code
A08Y,ANcl,Mass Cripple,,11,human,"Init, Sorcerer"
A08X,ANcl,Water,0,1,,Spell_Water
A08W,AHbh,Spell Creation Contest,0,1,,not used by code
A08V,AIs6,Attribute-Plus,,,,not used by code
A08U,AHhb,Heavenly Light,0,1,orc,Heal
A08T,ANst,Rampaging Arrows,,3,human,not used by code
A08S,ANst,Wrath of the Forsaken,,3,human,not used by code
A08R,AEsf,Hells Ritual,,3,human,not used by code
A08Q,AIx2,Attribute-Plus,,,,not used by code
A08P,ANca,Heavens Sacred Flames,,10,human,not used by code
A08O,ACbh,Snipe,,,orc,not used by code
A08N,AIcs,Critical Strike,,,,Damage
A08M,ANso,,0,1,,not used by code
A08L,ACbn,,,,,not used by code
A08K,Acrs,Blind,,,creeps,Oracle
A08J,ACwe,Summon Shadow Maiden,,,,not used by code
A08I,Apig,Lightning Shield,,,undead,not used by code
A08H,Aam2,Shell,,,,"Shell, Shemhazai"
A08G,AUfn,Omega Blast,0,1,creeps,not used by code
A08F,Arsg,Summon Abominations,0,1,,not used by code
A08E,ANdb,Omega Skill,,2,,not used by code
A08D,ANfl,Omega Lightning,0,1,,not used by code
A08C,Aam2,Absolute Shell,1,2,creeps,not used by code
A08B,AHtb,Omega Bolt,0,1,creeps,not used by code
A08A,ANth,Omega Spikes,,,,not used by code
A089,AIra,Blessing of Light,1,11,human,"Init, Prophet"
A088,Arsg,Quezacotl,0,1,undead,Quest_TowerSummoning
A087,ACrk,Solid Skin,,,,"Damage, Transfusion"
A086,AEsh,Crippling Poison,0,1,creeps,not used by code
A085,ACwe,Phoenix,,,undead,Quest_FireGolem
A084,ACbl,,,,,not used by code
A083,Ainf,Bravery,,11,,"Bravery, Oracle"
A082,AIev,Brawler,,,orc,not used by code
A081,Arsg,Summon Infernal Templars,0,1,,not used by code
A080,Aegr,Elunes Grace,,,creeps,not used by code
A07Z,AHfs,Fire,0,1,,Fire
A07Y,ACbf,Greater Dragon Breath,,,orc,not used by code
A07X,AIsx,Item Attack Speed Bonus,,,,AtkSpd
A07W,Aamk,Game Mode,0,1,,GameMode
A07V,AOsw,Battle Ward,,11,human,Init
A07U,AIrm,,,,,not used by code
A07T,AIi6,Attribute-Plus,,,,not used by code
A07S,AUfn,Ice,0,1,orc,not used by code
A07R,AItx,,,,,not used by code
A07Q,AEbl,,0,1,creeps,not used by code
A07P,AItx,,,,,not used by code
A07O,AHtb,Bolt,0,1,orc,"DarkQuezacotl, Spell_Bolt"
A07N,AIi6,Attribute-Plus,,,,not used by code
A07M,AIi6,Attribute-Plus,,,,not used by code
A07L,AIev,Deathblow,,,creeps,Damage
A07K,AIi6,Attribute-Plus,,,,not used by code
A07J,ANdr,Drain,0,1,orc,Necro
A07I,ACac,Damage,,,nightelf,not used by code
A07H,AIev,White Robe,,,,Prof
A07G,AIcs,Critical Strike,,,,Damage
A07F,Ambb,,,,,not used by code
A07E,ACav,Rakugaya,,,nightelf,"Cmd, Gaya_Inventory, Gaya_Shared, MagicDefense, Save, Summon_Scaling +2"
A07D,AUfa,Protect,0,1,orc,Protect
A07C,ACen,Ensnare,,,,not used by code
A07B,AIre,Elixir,,,,Item_Cooldown
A07A,AIev,Block Phys,,,,Damage
A079,ACev,Proficiency Bonus,,,other,Prof
A078,AI2m,Item Mana Bonus,,,,not used by code
A077,ACbh,Stroke,,,undead,not used by code
A076,ACbf,Diamond Dust,,,undead,not used by code
A075,Apig,Permanent Fire,,,undead,not used by code
A074,ACbc,Hellfire,,,undead,not used by code
A073,Absk,Pierce,,,,not used by code
A072,Aegr,Arrow Guard,,,creeps,not used by code
A071,ANcl,Bribe,0,11,other,"Chocobo_Bribing, Chocobo_Population"
A070,Afzy,Rage,1,11,human,"Init, Ninja"
A06Z,AI2m,Item Mana Bonus,,,,not used by code
A06Y,Aamk,Game Mode,0,1,,GameMode
A06X,Aamk,General Information,0,1,,Vote
A06W,ACav,Armor,,,,not used by code
A06V,ACav,Armor,,,,not used by code
A06U,ACav,Armor,,,,not used by code
A06T,AIgo,Gold +1500,,,,not used by code
A06S,ACav,Armor,,,,not used by code
A06R,AI2m,Item Mana Bonus,,,,not used by code
A06Q,AIhb,Blessing of Light,,,undead,Prophet
A06P,Arel,,,,,not used by code
A06O,Aamk,General Information,0,1,,Vote
A06N,Aamk,General Information,0,1,,Vote
A06M,Aamk,General Information,0,1,,Vote
A06L,Aamk,General Information,0,1,,Vote
A06K,ACac,Damage,,,,not used by code
A06J,ACac,Damage,,,,not used by code
A06I,ACac,Damage,,,,not used by code
A06H,ACac,Damage,,,,not used by code
A06G,Arel,,,,,not used by code
A06F,AIlu,Crystal Shard,,,,not used by code
A06E,AHmt,Mass-Teleportation,0,,orc,not used by code
A06D,AIpr,Mana Spring,,,orc,"Init, Mana"
A06C,Arel,,,,,not used by code
A06B,AIx2,Attribute-Plus,,,,not used by code
A06A,AIl2,,,,,not used by code
A069,AId0,,,,,not used by code
A068,AIev,Glasses Accuracy,,,,Damage
A067,ANcl,Cyclops,,11,human,"Init, Summon_Cyclops"
A066,AIl2,,,,,not used by code
A065,AI2m,Item Mana Bonus,,,,not used by code
A064,AId0,,,,,not used by code
A063,AIrm,,,,,not used by code
A062,AIrm,,,,,not used by code
A061,AI2m,Item Mana Bonus,,,,not used by code
A060,AI2m,Item Mana Bonus,,,,not used by code
A05Z,AIl2,,,,,not used by code
A05Y,AIa6,Attribute-Plus,,,,not used by code
A05X,AIa6,Attribute-Plus,,,,not used by code
A05W,Aroa,!Holy Power,1,6,human,"Damage, HolyPower, Init"
A05V,AI2m,Item Mana Bonus,,,,not used by code
A05U,AI2m,Item Mana Bonus,,,,not used by code
A05T,AIl2,,,,,not used by code
A05S,AIob,,,,,not used by code
A05R,AIi6,Attribute-Plus,,,,not used by code
A05Q,AIi6,Attribute-Plus,,,,not used by code
A05P,AOws,Gaya Rage,,11,human,"Geomancer, Init"
A05O,Aetf,Switch Available Options,,,nightelf,House
A05N,ANss,Spell Evasion,,,orc,not used by code
A05M,Aamk,Regenerator,0,1,orc,not used by code
A05L,ACev,Gambler Spirit,,,other,Damage
A05K,AIx2,Attribute-Plus,,,,not used by code
A05J,Assk,Improved Hardened Skin,,,undead,not used by code
A05I,ANdr,Lancet,0,1,orc,not used by code
A05H,ACev,Not Hornless,,,other,Summon_Scaling
A05G,Acri,Power Break,,,orc,not used by code
A05F,AIev,Block Phys,,,,Damage
A05E,AIev,Block Phys,,,,Damage
A05D,AIev,Block Phys,,,,Damage
A05C,AIev,Block Phys,,,,Damage
A05B,AIev,Block Phys,,,,Damage
A05A,AHhb,Cura,0,1,undead,Heal
A059,Ablo,Haste,,,undead,Haste
A058,ACac,Tarugaya,,,nightelf,"Cmd, Gaya_Inventory, Gaya_Shared, Save, Summon_Scaling, Titles +1"
A057,Aam2,Shell,,,,Shell
A056,AUfa,Protect,0,1,,Protect
A055,AIs6,Attribute-Plus,,,,not used by code
A054,AItx,,,,,not used by code
A053,AIs6,Attribute-Plus,,,,not used by code
A052,AIgo,Gold +1000,,,,not used by code
A051,AIgo,Gold +500,,,,not used by code
A050,AIs6,Attribute-Plus,,,,not used by code
A04Z,AIsx,Item Attack Speed Bonus,,,,AtkSpd
A04Y,AIsx,Item Attack Speed Bonus,,,,AtkSpd
A04X,AIsx,Item Attack Speed Bonus,,,,AtkSpd
A04W,AIsx,Item Attack Speed Bonus,,,,AtkSpd
A04V,AIsx,Item Attack Speed Bonus,,,,AtkSpd
A04U,AItx,,,,,not used by code
A04T,ANbl,Teleport 2,0,1,orc,not used by code
A04S,AIev,Spear Accuracy,,,,not used by code
A04R,AOcl,Lightning Stab,0,11,human,not used by code
A04Q,ANdb,Battle Skill,,5,human,not used by code
A04P,Afzy,Holy Enchantment,,,orc,not used by code
A04O,AHhb,Curaga,,11,,"Heal, Init, Shadow_Loyalty"
A04N,AUim,Eclipse,0,11,human,HolySwordsman
A04M,AItx,,,,,not used by code
A04L,Aamk,Intelligence Plus,,11,human,not used by code
A04K,AIhb,Holy,1,11,human,Sorcerer
A04J,AItp,House Portal,,,nightelf,not used by code
A04I,AIev,Spear Accuracy,,,,not used by code
A04H,AIev,Little Arrows,,,creeps,Damage
A04G,AItx,,,,,not used by code
A04F,AImt,Join Fast,,,orc,"Chocobo_Taming, Chocobo_TechCopy, Chocobo_Upgrades, Mediator, Shadow_Hiring"
A04E,AItx,,,,,not used by code
A04D,AIx2,Attribute-Plus,,,,not used by code
A04C,AItx,,,,,not used by code
A04B,AIm2,Mega Ether,,,,Item_Cooldown
A04A,AIh2,Mega Potion,,,,Item_Cooldown
A049,Aroa,Gather Items,,,,Gaya_Inventory
A048,AHdr,Osmose,0,1,orc,not used by code
A047,AIcb,Touch of Corruption,,,creeps,not used by code
A046,AI2m,Item Mana Bonus,,,,not used by code
A045,AId0,,,,,not used by code
A044,ANcl,Gust,0,1,orc,"Elements, Gust"
A043,AIva,,,,,not used by code
A042,AIx2,Attribute-Plus,,,,not used by code
A041,ACev,Akashic,,,other,Damage
A040,Afae,Deprotect,,,undead,Protect
A03Z,ANbr,Accumulate,0,1,undead,Accumulate
A03Y,AIx2,Attribute-Plus,,,,not used by code
A03X,AId0,,,,,not used by code
A03W,ANic,Burn,0,1,undead,not used by code
A03V,AItx,,,,,not used by code
A03U,ANst,Elemental Rush,0,,human,not used by code
A03T,Aien,Forge Inventory,,,nightelf,Quest_Arcanium
A03S,Aien,Forge Inventory,,,nightelf,"Loki, Quest_OreSupplies"
A03R,ACua,Cat Regen,,,other,not used by code
A03Q,Adcn,Stigma Magic,,,,not used by code
A03P,Aspl,Shared Life,,,,not used by code
A03O,AHhb,Curaga,0,1,orc,Heal
A03N,AIev,Night Might,,,creeps,"ArenaResources, Damage"
A03M,AOws,Dragon Slam,,11,human,"Init, Lancer"
A03L,ANcl,Osmose,0,1,undead,Osmose
A03K,AIva,,,,,not used by code
A03J,AItx,,,,,not used by code
A03I,AIaz,Attribute-Plus,,,,not used by code
A03H,AIs6,Attribute-Plus,,,,not used by code
A03G,AIl2,,,,,not used by code
A03F,AId0,,,,,not used by code
A03E,Aamk,Gilgame Heart,0,1,orc,not used by code
A03D,ACev,Refund Mana,,,other,ManaRefund
A03C,ACev,Marked for Death,,6,orc,"Damage, Mediator"
A03B,ANbr,Blessing of Might,,11,human,Init
A03A,Aegr,Iron Will,,,orc,not used by code
A039,AHtb,Holy Blast,,11,,"Init, Spell_HolyBlast"
A038,AIrm,,,,,not used by code
A037,AIl2,,,,,not used by code
A036,AId0,,,,,not used by code
A035,AIs6,Attribute-Plus,,,,not used by code
A034,AItx,,,,,not used by code
A033,AHab,MP Regeneration Bonus,0,22,,Passive
A032,AHhb,Blessed Earth,0,1,orc,"Esuna, Heal"
A031,AIs6,Attribute-Plus,,,,not used by code
A030,AIs6,Attribute-Plus,,,,not used by code
A02Z,AItx,,,,,not used by code
A02Y,ACct,Sharpshooter,,,orc,not used by code
A02X,AItx,,,,,not used by code
A02W,ANht,Threaten,,11,human,not used by code
A02V,Auhf,Praise,,,orc,not used by code
A02U,ANdr,Lancet,,6,human,not used by code
A02T,ANch,Invitation,,11,human,"Init, Mediator"
A02S,ACct,Improved Marksmanship,,,orc,not used by code
A02R,Aamk,Avatar of Learning,0,1,orc,not used by code
A02Q,ANcl,!Black Cauldron,0,1,undead,Hades
A02P,ANsi,Silence,,5,human,not used by code
A02O,Acrs,Blind,1,11,human,"Init, Oracle"
A02N,Aegr,Uncanny Dodge,,,creeps,not used by code
A02M,AIev,No Evasion From Agility,,,,Damage
A02L,AOws,Mega Heal,0,,nightelf,"Cmd, Gaya_Channeling, Gaya_Inventory, Gaya_Shared, Gaya_Support, Quick +2"
A02K,Absk,Mana Transfer,,3,nightelf,"Cmd, Gaya_Channeling, Gaya_Inventory, Gaya_Shared, Gaya_Support, Quick +2"
A02J,AIgo,Gold +250,,,,not used by code
A02I,AIgo,Gold +100,,,,not used by code
A02H,AIgo,Gold +150,,,,not used by code
A02G,AIgo,Gold +200,,,,not used by code
A02F,Aamk,Mastery,0,9,orc,"Arena_BattleResults, Arena_Duel, Arena_Rounds, Armor, Boss_DemiFiend, Boss_Gilgamesh +28"
A02E,AHtb,Mineuchi,,11,,"Init, Samurai"
A02D,AIev,Rabite's Foot,,,,Damage
A02C,Aroa,Improve Potion,,,orc,not used by code
A02B,AOcr,Iainuki,,11,human,not used by code
A02A,ACct,Improved Critical Strike,,,orc,not used by code
A029,ANcl,Aero,0,1,,Spell_Aero
A028,ANcl,Meteor,0,1,undead,Spell_Meteor
A027,Acri,Cover,,,orc,Cover
A026,ANcl,Gather Servants,0,1,undead,GatherServants
A025,Absk,Rage,1,11,human,not used by code
A024,Absk,First Aid,,,,not used by code
A023,Arej,Cover,1,11,human,"Cover, Init"
A022,ANcl,!Wave Cannon,0,1,,Spell_Wave
A021,AIev,Rendan,,,orc,Damage
A020,AEer,Hell Ivy,,11,human,not used by code
A01Z,ANbr,Blitz,,11,human,Init
A01Y,AIl2,,,,,not used by code
A01X,Afra,Holy Freeze,,,orc,not used by code
A01W,Apig,,,,creeps,not used by code
A01V,ANcl,Holy,,11,human,"Init, Sorcerer"
A01U,AIrt,Recall,,,orc,not used by code
A01T,ACce,Smash Attack,,,undead,not used by code
A01S,AIgo,Firefly Redeem,,,,Firefly
A01R,AOws,Shiva,,11,human,not used by code
A01Q,ANcl,Liquid Steel,0,1,orc,Spell_LiquidSteel
A01P,ANcl,Rapid Fire,0,1,orc,Spell_RapidFire
A01O,Acri,Cover,,,orc,Cover
A01N,Aamk,Strength Plus,,11,human,not used by code
A01M,Arej,Chakra,1,11,human,"Chakra, Init, Shadow_Loyalty"
A01L,AHtb,Wave Fist,,11,,"Init, Wave"
A01K,ANab,Shock Smash,0,1,nightelf,ShockSmash
A01J,ANcl,Shock Smash,0,1,undead,ShockSmash
A01I,AOwk,Stealth,,11,human,Init
A01H,ACev,Phoenix Fire,,,undead,not used by code
A01G,Amgl,Dragon Soul Hint,,,creeps,"Arena_Duel, RingOfDarkness"
A01F,Afzy,Battle Frenzy,,,orc,not used by code
A01E,Aslo,Slow,1,11,,"Haste, Init"
A01D,Ablo,Haste,1,11,human,"Haste, Init"
A01C,ANcl,!Absorb Enemy,0,1,undead,"Arena_Cups, Arena_Duel"
A01B,ANbl,Teleport,0,1,orc,not used by code
A01A,ACct,Marksmanship,,2,orc,not used by code
A019,ANcl,Heat Wave,0,1,undead,Spell_HeatWave
A018,Aspd,Spawn Brood Mothers,,,,"Damage, Mediator"
A017,ANcl,Imperil,0,1,orc,not used by code
A016,Aroc,Thunder Storm,,,undead,not used by code
A015,Atau,Provoke,,,,Provoke
A014,AEah,Gods Eternal Wisdom,0,1,orc,not used by code
A013,AId0,,,,,not used by code
A012,AHtc,Tornado,0,1,,Tornado
A011,AIsx,Attack Speed +140%,,,nightelf,not used by code
A010,AOmi,Phantom Fighters,0,1,human,not used by code
A00Z,AIob,,,,,not used by code
A00Y,Aspo,Deadly Poison,,,creeps,not used by code
A00X,Arel,Regenerator,,,orc,not used by code
A00W,ANcl,Support Teleport,0,1,orc,Odin
A00V,AOae,Attack Speed Bonus,0,22,human,"AttackSpeed, Passive"
A00U,Afae,Vitality Zero,,,undead,Ziegfried
A00T,ANcl,!Meltdown,0,1,undead,Ziegfried
A00S,Ane2,S|cffffcc00e|rlect Unit,,,nightelf,not used by code
A00R,ANcl,Arrowwave,0,1,orc,Arrowwave
A00Q,AOhx,Frog,,11,human,"Cooldown, Init"
A00P,Arsg,Summon Shambling Corpses,0,1,,"KalmSiege, KalmSiege2"
A00O,AHtb,Bolt,,11,,"DarkQuezacotl, Init, Spell_Bolt"
A00N,AIl2,,,,,not used by code
A00M,AHhb,Cure,,11,,"Init, Shadow_Loyalty, Spawn, Spell_Cure"
A00L,Arej,Regen,1,11,human,"Init, Regen, Shadow_Loyalty"
A00K,AIl2,,,,,not used by code
A00J,ACac,Command Aura,,,,not used by code
A00I,AIm2,Turbo Ether,,,,Item_Cooldown
A00H,ANav,Avatar of Might,,3,undead,not used by code
A00G,AUfa,Protect,,11,human,"Init, Protect"
A00F,ANre,,,,,not used by code
A00E,ANdh,Oil Barrel,,11,human,Init
A00D,AIre,Greater Nectar,,,,Item_Cooldown
A00C,AIh2,X-Potion,,,,Item_Cooldown
A00B,ACat,Trueshot Aura,,,,KalmSiege
A00A,ANcl,!Tornado,0,1,undead,Tornado
A009,AIev,Summon Auto-Powerup,,,creeps,Summon_Lifecycle
A008,AHhb,Naga Light,0,1,undead,Heal
A007,Acri,Virus,,,orc,"Init, Virus"
A006,AOae,Move Bonus,0,22,human,Passive
A005,Adis,Dispel,,,orc,not used by code
A004,AHhb,Flames of Life,0,1,undead,Heal
A003,ANbr,Accumulate,,11,human,"Accumulate, Init"
A002,Aien,,,,nightelf,not used by code
A001,ACnr,,,,,not used by code
A000,ANcl,Mass Cripple,0,1,undead,Sorcerer
Suhf,"(standard, changed)",Praise,,,,not used by code
Awrs,"(standard, changed)",Warstomp,,,,not used by code
Atau,"(standard, changed)",Taunt,,,,not used by code
Assk,"(standard, changed)",,,,,not used by code
Aslo,"(standard, changed)",Slow,,,,Haste
Arsk,"(standard, changed)",,,,,not used by code
Arll,"(standard, changed)",,,,,not used by code
Arel,"(standard, changed)",,,,,not used by code
Apxf,"(standard, changed)",,,,,not used by code
Apts,"(standard, changed)",Plague,,,,not used by code
Apo2,"(standard, changed)",,,,,not used by code
Aphx,"(standard, changed)",,,,,not used by code
Amrf,"(standard, changed)",,,,,not used by code
Amim,"(standard, changed)",,,,,Arena_Presentation
Amgr,"(standard, changed)",,,,,not used by code
Agyv,"(standard, changed)",True Sight,,,,"Arena_BattleSetup, Arena_Rounds"
Aesr,"(standard, changed)",Owl Scout,,,,not used by code
Acyc,"(standard, changed)",Cyclone,,,,not used by code
Acrs,"(standard, changed)",Blind,,,,Oracle
Aap4,"(standard, changed)",Plague,,,,not used by code
Aap3,"(standard, changed)",Plague,,,,not used by code
Aap2,"(standard, changed)",Plague,,,,not used by code
Aap1,"(standard, changed)",Plague,,,,TrueIceAge
AUts,"(standard, changed)",,,,,not used by code
AUcs,"(standard, changed)",,,,,not used by code
APwt,"(standard, changed)",,,,,not used by code
APsa,"(standard, changed)",Sprint Rune,,,,not used by code
APra,"(standard, changed)",,,,,not used by code
APmr,"(standard, changed)",,,,,not used by code
APmg,"(standard, changed)",,,,,not used by code
APh3,"(standard, changed)",,,,,not used by code
APh2,"(standard, changed)",,,,,not used by code
APh1,"(standard, changed)",,,,,not used by code
APdi,"(standard, changed)",,,,,not used by code
AOr2,"(standard, changed)",,,,,not used by code
ANth,"(standard, changed)",,,,,not used by code
ANt2,"(standard, changed)",,,,,not used by code
AIva,"(standard, changed)",,,,,not used by code
AItp,"(standard, changed)",Scroll of House Portal,,,,not used by code
AIsx,"(standard, changed)",Item Attack Speed Bonus,,,,AtkSpd
AIsr,"(standard, changed)",Magicdamage Reduction,,,,not used by code
AIrx,"(standard, changed)",,,,,not used by code
AIrr,"(standard, changed)",Spirit of Lowtown,,,,not used by code
AIrn,"(standard, changed)",,,,,not used by code
AIrm,"(standard, changed)",,,,,not used by code
AIre,"(standard, changed)",Nectar,,,,Item_Cooldown
AIrc,"(standard, changed)",,,,,not used by code
AIpb,"(standard, changed)",,,,,not used by code
AIob,"(standard, changed)",,,,,not used by code
AImb,"(standard, changed)",,,,,not used by code
AIm2,"(standard, changed)",Hi-Ether,,,,Item_Cooldown
AIm1,"(standard, changed)",Ether,,,,Item_Cooldown
AIlz,"(standard, changed)",,,,,not used by code
AIll,"(standard, changed)",,,,,not used by code
AIlf,"(standard, changed)",,,,,not used by code
AIl2,"(standard, changed)",,,,,not used by code
AIl1,"(standard, changed)",,,,,not used by code
AIir,"(standard, changed)",,,,,not used by code
AIh2,"(standard, changed)",Hi-Potion,,,,Item_Cooldown
AIh1,"(standard, changed)",Potion,,,,Item_Cooldown
AIgo,"(standard, changed)",Gold +50,,,,not used by code
AIfb,"(standard, changed)",,,,,not used by code
AIev,"(standard, changed)",Jade Collar Evasion,,,,Damage
AIdv,"(standard, changed)",,,,,not used by code
AIcs,"(standard, changed)",Critical Strike,,,,Damage
AIbm,"(standard, changed)",,,,,not used by code
AHbn,"(standard, changed)",,,1,,not used by code
ACvs,"(standard, changed)",,,,,not used by code
ACvp,"(standard, changed)",,,,,"KalmSiege1, KalmSiege2, KalmSiege3"
ACuf,"(standard, changed)",Praise,,,,not used by code
ACua,"(standard, changed)",Nerubian Aura,,,,not used by code
ACsw,"(standard, changed)",Slow,,,,Haste
ACss,"(standard, changed)",Shadow Strike,,,,not used by code
ACsl,"(standard, changed)",,,,,not used by code
ACsk,"(standard, changed)",,,,,not used by code
ACrk,"(standard, changed)",,,,,"Devour, KalmSiege, Oversoul, Shemhazai"
ACif,"(standard, changed)",Bravery,,,,Bravery
ACfu,"(standard, changed)",Frost Armor,,,,not used by code
ACfa,"(standard, changed)",Protect,,,,Protect
ACf2,"(standard, changed)",Frost Armor,,,,not used by code
ACev,"(standard, changed)",Swiftness,,,,"Boss_Echele, Damage, Oversoul"
ACct,"(standard, changed)",Critical Strike,,,,Damage
ACcs,"(standard, changed)",Blind,,,,"BadBreath, Oracle"
ACcr,"(standard, changed)",Power Break,,,,not used by code
ACcl,"(standard, changed)",,,,,not used by code
ACcb,"(standard, changed)",Aquatic Bolt,,,,not used by code
ACbl,"(standard, changed)",Haste,,,,Haste
ACbb,"(standard, changed)",Haste,,,,"Haste, Ripper"
