key,kind,title,start,start_event,steps,step_kinds,dialogue_lines,features,modules,finished_by,group,why
SideQuest[64],side,Chocobo Rider,,quest engine,7,,0,,ChocoboRider,quest engine,engine,
SideQuest[64],side,Chocobo Rider,,quest engine,7,,0,,ChocoboRider,quest engine,engine,
SideQuest[19],side,Elixir,,quest engine,2,,5,,Elixir,quest engine,engine,
SideQuest[36],side,Annoying Monster,,quest engine,3,,21,,Quest_AnnoyingMonster,quest engine,engine,
SideQuest[2],side,Arachnophobia,,quest engine,3,,10,,Quest_Arachnophobia,quest engine,engine,
SideQuest[13],side,Arcanium,,quest engine,2,,13,,Quest_Arcanium,quest engine,engine,
SideQuest[11],side,Find Beastslayer,,quest engine,3,,8,,Quest_Beastslayer,quest engine,engine,
SideQuest[51],side,Blazing Demon,,quest engine,2,,0,,Quest_BlazingDemon,quest engine,engine,
SideQuest[8],side,Brothers,,quest engine,3,,2,,Quest_Brothers,quest engine,engine,
SideQuest[5],side,Caravan,,quest engine,3,,1,,Quest_Caravan,quest engine,engine,
SideQuest[69],side,Cooking Choices,,quest engine,2,,0,,Quest_Cooking,quest engine,engine,
MainQuest[13],main,Corrupted Orcs,,quest engine,4,,0,,Quest_CorruptedOrcs,quest engine,engine,
MainQuest[7],main,Dark Knight,,quest engine,6,,0,,Quest_DarkKnight,quest engine,engine,
MainQuest[7],main,Necrophobe,,quest engine,6,,0,,Quest_DarkKnight,quest engine,engine,
SideQuest[10],side,Deliver Letter,,quest engine,3,,18,,Quest_DeliverLetter,quest engine,engine,
SideQuest[70],side,Divine Order,,quest engine,3,,0,,Quest_DivineOrder,quest engine,engine,
SideQuest[66],side,Dwarf Disappearance,,quest engine,3,,0,,Quest_DwarfDisappearance,quest engine,engine,
SideQuest[32],side,Eidolon Challenge,,quest engine,3,,22,,Quest_EidolonChallenge,quest engine,engine,
MainQuest[5],main,Eye of Jenova,,quest engine,2,,0,,Quest_EyeOfJenova,quest engine,engine,
SideQuest[28],side,Fallen Ranger,,quest engine,3,,7,,Quest_FallenRanger,quest engine,engine,
SideQuest[68],side,Fiery Wings,,quest engine,3,,12,,Quest_FieryWings,quest engine,engine,
SideQuest[7],side,Fire Golem's Heart,,quest engine,3,,16,,Quest_FireGolem,quest engine,engine,
SideQuest[74],side,Fishy Deals,,quest engine,2,,3,,Quest_FishyDeals,quest engine,engine,
SideQuest[23],side,Defiled Fountain,,quest engine,4,,0,,Quest_Fountain,quest engine,engine,
MainQuest[17],main,God Dragon,,quest engine,3,,0,,Quest_GodDragon,quest engine,engine,
SideQuest[27],side,Greed is Good,,quest engine,3,,18,,Quest_GreedIsGood,quest engine,engine,
SideQuest[45],side,Harpy Hunt,,quest engine,3,,11,,Quest_HarpyHunt,quest engine,engine,
SideQuest[31],side,Holy Knight,,quest engine,4,,0,,Quest_HolyKnight,quest engine,engine,
MainQuest[15],main,Illusions to Illusions,,quest engine,3,,0,,Quest_Illusions,quest engine,engine,
SideQuest[65],side,Impervious Beast,,quest engine,2,,4,,Quest_ImperviousBeast,quest engine,engine,
SideQuest[6],side,Kill Elmdor,,quest engine,3,,7,,Quest_KillElmdor,quest engine,engine,
SideQuest[3],side,Kill Setag,,quest engine,2,,5,,Quest_KillSetag,quest engine,engine,
SideQuest[48],side,King of the Sea,,quest engine,3,,0,,Quest_KingOfSea,quest engine,engine,
SideQuest[12],side,Lady Nashj,,quest engine,3,,11,,Quest_LadyNashj,quest engine,engine,
MainQuest[14],main,Last Rites,,quest engine,3,,0,,Quest_LastRites,quest engine,engine,
MainQuest[16],main,Light of Judgment,,quest engine,3,,0,,Quest_LightOfJudgment,quest engine,engine,
SideQuest[44],side,Lost Memories,,quest engine,5,,0,,Quest_LostMemories,quest engine,engine,
SideQuest[44],side,Lost Memories,,quest engine,5,,0,,Quest_LostMemories,quest engine,engine,
SideQuest[71],side,Monstrum of the Sea,,quest engine,2,,0,,Quest_Monstrum,quest engine,engine,
SideQuest[49],side,Nebra Angler,,quest engine,2,,44,,Quest_NebraAngler,quest engine,engine,
MainQuest[6],main,Night Elves,,quest engine,2,,0,,Quest_NightElves,quest engine,engine,
SideQuest[24],side,Ogre Hunt,,quest engine,3,,6,,Quest_OgreHunt,quest engine,engine,
SideQuest[47],side,Omega Weapon,,quest engine,2,,0,,Quest_OmegaWeapon,quest engine,engine,
SideQuest[67],side,Ore Supplies,,quest engine,2,,0,,Quest_OreSupplies,quest engine,engine,
SideQuest[4],side,Phoenix,,quest engine,2,,9,,Quest_Phoenix,quest engine,engine,
SideQuest[34],side,Rematch,,quest engine,3,,0,,Quest_Rematch,quest engine,engine,
SideQuest[9],side,Save Timmy,,quest engine,5,,0,,Quest_SaveTimmy,quest engine,engine,
SideQuest[9],side,Save Timmy,,quest engine,5,,0,,Quest_SaveTimmy,quest engine,engine,
SideQuest[52],side,Scorched Earth,,quest engine,4,,0,,Quest_ScorchedEarth,quest engine,engine,
SideQuest[25],side,Seek and Destroy,,quest engine,3,,16,,Quest_SeekDestroy,quest engine,engine,
SideQuest[1],side,Find Shimmerweed,,quest engine,2,,5,,Quest_Shimmerweed,quest engine,engine,
SideQuest[73],side,Spirit Hunt,,quest engine,3,,11,,Quest_SpiritHunt,quest engine,engine,
SideQuest[29],side,Spirit of Water,,quest engine,3,,0,,Quest_SpiritOfWater,quest engine,engine,
SideQuest[33],side,The Strongest Eidolon,,quest engine,2,,14,,Quest_StrongestEidolon,quest engine,engine,
SideQuest[14],side,Target Practice,,quest engine,3,,0,,Quest_TargetPractice,quest engine,engine,
SideQuest[30],side,Tower of Summoning,,quest engine,2,,0,,Quest_TowerSummoning,quest engine,engine,
SideQuest[50],side,Trial By Fire,,quest engine,3,,15,,Quest_TrialByFire,quest engine,engine,
SideQuest[46],side,Ultima Weapon,,quest engine,2,,0,,Quest_UltimaWeapon,quest engine,engine,
SideQuest[26],side,Wolf Fangs,,quest engine,2,,11,,Quest_WolfFangs,quest engine,engine,
MainQuest[8],main,World Liberation,,quest engine,2,,0,,Quest_WorldLiberation,quest engine,engine,
SideQuest[72],side,Young Engineer,,quest engine,2,,8,,Quest_YoungEngineer,quest engine,engine,
MainQuest[18],main,End of Zodiac Age,,quest engine,2,,0,,Quest_ZodiacAge,quest engine,engine,
MainQuest[1],main,Find Mid,,quest engine,6,,0,,Cid,quest engine,engine,
MainQuest[2],main,Find Artifact,,quest engine,6,,0,,Cid,quest engine,engine,
MainQuest[3],main,Stop Cid,,quest engine,6,,0,,Cid,quest engine,engine,
MainQuest[9],main,Kalm Siege,,quest engine,3,,0,,KalmSiege1,quest engine,engine,
MainQuest[10],main,Kalm Siege II,,quest engine,2,,0,,KalmSiege2,quest engine,engine,
MainQuest[11],main,Kalm Siege III,,quest engine,2,,0,,KalmSiege3,quest engine,engine,
MainQuest[19],main,Advent of Ice Age,,quest engine,2,,0,,IceAge,quest engine,engine,
SideQuest[15],side,Healing Waters,,quest engine,2,,0,,HealingWaters,quest engine,engine,
SideQuest[16],side,Mithril Golem's Heart,,quest engine,2,,0,,MithrilGolem,quest engine,engine,
SideQuest[18],side,Hydra Egg,,quest engine,2,,14,,HydraEgg,quest engine,engine,
SideQuest[20],side,Mystical Glyph,,quest engine,4,,8,,MysticalGlyph,quest engine,engine,
SideQuest[21],side,Save Nimphrodel,,quest engine,4,,0,,Nimphrodel,quest engine,engine,
SideQuest[22],side,Mysterious Curse,,quest engine,2,,0,,MysteriousCurse,quest engine,engine,
SideQuest[35],side,The Northern God,,quest engine,3,,0,,Judgment,quest engine,engine,
SideQuest[37],side,Arena Resources,,quest engine,3,,0,,ArenaResources,quest engine,engine,
SideQuest[38],side,Arena Expansion,,quest engine,4,,31,,ArenaExpansion,quest engine,engine,
SideQuest[39],side,Haunted Tree,,quest engine,3,,11,,HauntedTree,quest engine,engine,
SideQuest[40],side,Dimensional Boundary,,quest engine,8,,0,,DimensionalBoundary,quest engine,engine,
SideQuest[43],side,Almighty Shinra,,quest engine,2,,0,,AlmightyShinra,quest engine,engine,
SideQuest[53],side,Adamant Hunt,,quest engine,3,,14,,AdamantHunt,quest engine,engine,
SideQuest[54],side,Gnoll Hunt,,quest engine,3,,13,,GnollHunt,quest engine,engine,
SideQuest[55],side,Flan Hunt,,quest engine,3,,0,,FlanHunt,quest engine,engine,
SideQuest[56],side,Ancient Hunt,,quest engine,3,,6,,AncientHunt,quest engine,engine,
SideQuest[58],side,Tentacles,,quest engine,4,,0,,Tentacles,quest engine,engine,
SideQuest[59],side,Dragon Egg,,quest engine,2,,0,,DragonEgg,quest engine,engine,
SideQuest[60],side,Name Diary,,quest engine,3,,0,,NameDiary,quest engine,engine,
SideQuest[63],side,Dragon Hunt,,quest engine,3,,9,,DragonHunt,quest engine,engine,
SideQuest[41],side,The Bridge-Battle,,quest engine,3,,14,,BridgeBattle,quest engine,engine,
SideQuest[42],side,Shinra's Plan,,quest engine,4,,0,,ShinrasPlan,quest engine,engine,
MainQuest[12],main,Voice of the Forest,,quest engine,3,,0,,VoiceOfForest,quest engine,engine,
SideQuest[57],side,Wendigo Hunt,,quest engine,3,,11,,WendigoHunt,quest engine,engine,
SideQuest[62],side,Hunt Festival,,quest engine,2,,0,,HuntFestival,quest engine,engine,
MainQuest[8],main,True Ice Age,TrueIceAge_Summon,spell,11,"spell, attacked, run by another step, timer, talk, in range, kill any",90,"dialogue, cinematic, waits, spawns units, gives XP, gives item, effects, doors/gates, moves units, loops/counters","TrueIceAge, Cid, Turks, AoMadoushi, Quest_AoMadoushi, Loot, Quest_WorldLiberation, ShinrasPlan",Quest_WorldLiberation_Count,custom,"spell, timer"
SideQuest[61],side,Cartographer,Cartographer_Start,talk,8,"talk, periodic",50,"dialogue, cinematic, spawns units, gives XP, effects, can fail, loops/counters","Cartographer, Quest_GodDragon, Montblanc, HuntFestival","Cartographer_Start, Cartographer_Report",custom,"periodic, can fail several finishing triggers"
